,siren,siret,adresse,postcode,city
0,325175,32517500016,MANIHI COTE MONTAGNE TUAMOTU,98770,MANIHI
1,325175,32517500024,1.0+PL+LEONCE DE SEYNES,84140,AVIGNON
2,325175,32517500032,6.0+AV+FRANCOIS MAURIAC,84000,AVIGNON
3,325175,32517500040,170.0+AV+DU COL DE L ANGE,13420,GEMENOS
4,325175,32517500057,61.0+RUE+MARX DORMOY,13004,MARSEILLE 4
5,325175,32517500065,51.0+RUE+MARX DORMOY,13004,MARSEILLE 4
6,1807254,180725400014,15.0+RUE+D INGLEMUR,54200,TOUL
7,1807254,180725400022,31.0+RUE+D ALEMBERT,2100,SAINT-QUENTIN
8,5410220,541022000015,RUE+DE HOUDENT,80210,TOURS-EN-VIMEU
9,5410345,541034500010,RTE+DE DOULLENS,80100,ABBEVILLE
10,5410394,541039400018,CHE+PETIT,80120,ARGOULES
11,5410428,541042800014,68.0+CHS+MARCADE,80100,ABBEVILLE
12,5410436,541043600017,CHS+D HOCQUET,80100,ABBEVILLE
13,5410485,541048500014,177.0+RUE+GRANDE,80220,GAMACHES
14,5410493,541049300018,HAM+DE HAMICOURT,80210,TOURS-EN-VIMEU
15,5410501,541050100018,RUE+FORT MARDI,80150,VIRONCHAUX
16,5410519,541051900010,10.0+RUE+PASTEUR,80550,LE CROTOY
17,5410527,541052700013,84.0+RUE+PASTEUR,80100,ABBEVILLE
18,5410543,541054300010,RTE+NATIONALE,80860,NOUVION
19,5410642,541064200010,1.0+RUE+DE SAINT VALERY,80220,GAMACHES
20,5410667,541066700017,,80132,MAREUIL-CAUBERT
21,5410675,541067500010,,80270,ALLERY
22,5410717,541071700010,27.0+RUE+SAINT JEAN,80135,SAINT-RIQUIER
23,5410733,541073300017,17.0+PETITE RUE NOTRE DAME,80100,ABBEVILLE
24,5410741,541074100010,AV+DE LA GARE,80120,QUEND
25,5410758,541075800014,CHS+MARCADE,80100,ABBEVILLE
26,5410816,541081600010,3.0+RUE+DE L ARQUET,80370,HIERMONT
27,5410857,541085700014,37.0+RUE+PIERRE SAUVAGE,80100,ABBEVILLE
28,5410873,541087300029,9.0+RUE+CHARLES DE GAULLE,80220,GAMACHES
29,5410899,541089900024,21.0+BD+VOLTAIRE,80100,ABBEVILLE
30,5410949,541094900019,35.0+PL+MAX LEJEUNE,80100,ABBEVILLE
31,5410980,541098000014,,80132,MIANNAY
32,5411053,541105300019,RUE+D ABBEVILLE,80870,MOYENNEVILLE
33,5411236,541123600010,RUE+DU MOULIN,80220,MAISNIERES
34,5411343,541134300014,RUE+DU GENERAL LECLERC,80150,CRECY-EN-PONTHIEU
35,5411434,541143400011,,80120,FAVIERES
36,5411483,541148300018,,80150,CRECY-EN-PONTHIEU
37,5411582,541158200017,47.0+CHS+DU BOIS,80100,ABBEVILLE
38,5411699,541169900019,,80150,CRECY-EN-PONTHIEU
39,5411806,541180600010,RUE+ALFRED FRANCOIS,80100,ABBEVILLE
40,5411954,541195400018,RUE+JULES VERNE,80550,LE CROTOY
41,5411962,541196200011,,80150,DOMVAST
42,5411996,541199600019,10.0+AV+DE LA GARE,80100,ABBEVILLE
43,5420013,542001300012,264.0+CHS+D HOCQUET,80100,ABBEVILLE
44,5420021,542002100015,17.0+RUE+DES LINGERS,80100,ABBEVILLE
45,5420021,542002100023,RUE+TUROLD,76630,ENVERMEU
46,5420021,542002100031,134.0+RUE+HENRI BARBUSSE,80130,FRIVILLE-ESCARBOTIN
47,5420021,542002100049,52.0+RUE+VENTOSE,80100,ABBEVILLE
48,5420021,542002100056,21.0+B+BD+DES PRES,80100,ABBEVILLE
49,5420039,542003900017,3.0+PL+DU PILORI,80100,ABBEVILLE
50,5420047,542004700010,114.0+CHS+MARCADE,80100,ABBEVILLE
51,5420047,542004700028,2.0+RIVE DROITE DE LA SOMME,80100,ABBEVILLE
52,5420054,542005400024,54.0+RUE+DES ECOLES,80970,SAILLY-FLIBEAUCOURT
53,5420070,542007000020,2.0+VOIE NOUVELLE,80100,ABBEVILLE
54,5420088,542008800014,3.0+RUE+DES LINGERS,80100,ABBEVILLE
55,5420104,542010400019,13.0+PL+MAX LEJEUNE,80100,ABBEVILLE
56,5420120,542012000015,RUE+DE LA FONTAINE,80120,RUE
57,5420120,542012000023,12.0+RTE+DE MONTREUIL,62180,RANG-DU-FLIERS
58,5420120,542012000031,RTE+NATIONALE,62140,MARCONNELLE
59,5420120,542012000049,RUE+DE LA GARE,62180,CONCHIL-LE-TEMPLE
60,5420146,542014600010,PL+DU GENERAL LECLERC,80120,RUE
61,5420153,542015300016,RUE+MARECHAL FOCH,80100,ABBEVILLE
62,5420187,542018700014,CHS+D HOCQUET,80100,ABBEVILLE
63,5420195,542019500033,AU CHEMIN DE LA RIVIERE,80140,RAMBURES
64,5420245,542024500010,2.0+BD+VAUBAN,80100,ABBEVILLE
65,5420260,542026000019,RUE+JOLIOT CURIE,80570,DARGNIES
66,5420278,542027800011,,80270,ALLERY
67,5440011,544001100012,AV+DE VERDUN,4000,DIGNE-LES-BAINS
68,5440078,544007800011,,4370,COLMARS
69,5440110,544011000038,CRS+PECHINEY,4600,CHATEAU-ARNOUX-SAINT-AUBAN
70,5440110,544011000053,13.0+BD+GASSENDI,4000,DIGNE-LES-BAINS
71,5440110,544011000061,6.0+RUE+FIRMIN GUICHARD,4000,DIGNE-LES-BAINS
72,5440136,544013600017,,4500,QUINSON
73,5440185,544018500014,,4250,TURRIERS
74,5440219,544021900011,,4210,VALENSOLE
75,5440235,544023500017,,4170,THORAME-BASSE
76,5440409,544040900018,RUE+CHAPUZIE,4200,SISTERON
77,5440508,544050800017,RTE+NEUVE,4160,CHATEAU-ARNOUX-SAINT-AUBAN
78,5440557,544055700014,PL+DES RECOLLETS,4000,DIGNE-LES-BAINS
79,5440565,544056500017,PL+DU GENERAL DE GAULLE,4200,SISTERON
80,5440649,544064900019,RUE+LOGIS,4800,SAINT-MARTIN-DE-BROMES
81,5440672,544067200011,,4120,CASTELLANE
82,5440698,544069800016,,4370,COLMARS
83,5440722,544072200014,,4120,CASTELLANE
84,5440755,544075500014,,4190,LES MEES
85,5440789,544078900013,,4530,LA CONDAMINE-CHATELARD
86,5440797,544079700016,,4700,ORAISON
87,5440813,544081300029,LE FOREST DE BAYONS,4250,LA MOTTE-DU-CAIRE
88,5440847,544084700019,,4140,VERDACHES
89,5440904,544090400018,HAM+LES BAUMES,4200,MISON
90,5440938,544093800016,,4200,MISON
91,5440987,544098700013,,4500,MONTAGNAC-MONTPEZAT
92,5441027,544102700017,RUE+NEUVE,4140,SEYNE
93,5441035,544103500010,18.0+RUE+PIED DE VILLE,4000,DIGNE-LES-BAINS
94,5441043,544104300014,5.0+BD+VICTOR HUGO,4000,DIGNE-LES-BAINS
95,5441068,544106800011,RUE+LT BLONDEAU,4120,CASTELLANE
96,5441134,544113400011,42.0+RUE+MANUEL,4400,BARCELONNETTE
97,5441159,544115900018,QUAI+SAINT AUBAN,4160,CHATEAU-ARNOUX-SAINT-AUBAN
98,5441191,544119100029,ALL+DES ERABLES,4160,CHATEAU-ARNOUX-SAINT-AUBAN
99,5441233,544123300011,,4370,COLMARS
100,5441241,544124100014,QUAI+PLANTIERS,4200,SISTERON
101,5441266,544126600011,,4270,ESTOUBLON
102,5441316,544131600014,,4240,ANNOT
103,5441357,544135700018,,4190,LES MEES
104,5441365,544136500011,4.0+PL+DU MARCHE,4000,DIGNE-LES-BAINS
105,5441373,544137300015,,4360,MOUSTIERS-SAINTE-MARIE
106,5441399,544139900010,,4170,LA MURE-ARGENS
107,5441407,544140700011,RUE+BASSE,4140,SEYNE
108,5441449,544144900013,,4800,GREOUX-LES-BAINS
109,5441548,544154800012,39.0+RUE+DE L HUBAC,4000,DIGNE-LES-BAINS
110,5441589,544158900016,PL+DR ITARD,4700,ORAISON
111,5441597,544159700019,BD+GASSENDI,4000,DIGNE-LES-BAINS
112,5441613,544161300014,,4160,CHATEAU-ARNOUX-SAINT-AUBAN
113,5441621,544162100017,,4700,PUIMICHEL
114,5441662,544166200011,PL+MARCHE,4210,VALENSOLE
115,5450010,545001000011,,4160,CHATEAU-ARNOUX-SAINT-AUBAN
116,5450051,545005100015,QUAI+DE LA BONNETTE,4000,DIGNE-LES-BAINS
117,5450093,545009300017,5.0+ALL+L GARDIOL,4500,RIEZ
118,5450093,545009300025,QUAI+STE ANNE,4500,RIEZ
119,5450093,545009300033,AV+DES THERMES,4800,GREOUX-LES-BAINS
120,5450093,545009300041,36.0+RUE+GRANDE,4800,GREOUX-LES-BAINS
121,5450093,545009300058,27.0+RUE+GRANDE,4800,GREOUX-LES-BAINS
122,5450101,545010100026,4.0+BD+LA FERRAGE,13860,PEYROLLES-EN-PROVENCE
123,5450119,545011900010,63.0+BD+GASSENDI,4000,DIGNE-LES-BAINS
124,5450119,545011900028,SAINT CHRISTOPHE,4000,DIGNE-LES-BAINS
125,5450119,545011900036,3.0+BD+GASSENDI,4000,DIGNE-LES-BAINS
126,5470018,547001800010,AV+DU MARCHE,44500,LA BAULE-ESCOUBLAC
127,5470075,547007500010,13.0+RUE+DU CENTRE,44510,LE POULIGUEN
128,5470190,547019000017,RUE+DE KERVENEL,44490,LE CROISIC
129,5470208,547020800017,105.0+AV+DE LA REPUBLIQUE,44600,SAINT-NAZAIRE
130,5470430,547043000017,2.0+RUE+CHARLES BRUNELIERE,44570,TRIGNAC
131,5470455,547045500014,LD+LA BOSSE,44500,LA BAULE-ESCOUBLAC
132,5470489,547048900013,LD+LE PONT DENYON,44480,DONGES
133,5470620,547062000013,17.0+RUE+DES CHANTIERS,44600,SAINT-NAZAIRE
134,5470653,547065300014,23.0+BD+LEON GAMBETTA,44600,SAINT-NAZAIRE
135,5470927,547092700020,AV+DE LA FORET,44300,NANTES
136,5470943,547094300019,,44130,BLAIN
137,5470984,547098400013,AV+DE VERA CRUZ,44600,SAINT-NAZAIRE
138,5471065,547106500010,1.0+PL+DU GENERAL D ARGENCE,44410,HERBIGNAC
139,5471115,547111500013,45.0+RUE+DE LA PAIX ET DES ARTS,44600,SAINT-NAZAIRE
140,5471214,547121400014,8.0+PL+DE L HOTEL DE VILLE,44260,SAVENAY
141,5471420,547142000017,BD+DE VERDUN,44600,SAINT-NAZAIRE
142,5471438,547143800019,BEAULIEU,44160,PONTCHATEAU
143,5471495,547149500019,RUE+DE VERDUN,44260,SAVENAY
144,5471578,547157800012,PL+DE L EGLISE,44130,LE GAVRE
145,5471594,547159400019,PL+DE L'EGLISE,44530,GUENROUET
146,5471602,547160200010,RUE+DE PORNICHET,44600,SAINT-NAZAIRE
147,5471628,547162800015,22.0+RUE+GREGOIRE ORAIN,44460,FEGREAC
148,5471685,547168500015,RTE+DE NANTES,44160,PONTCHATEAU
149,5471743,547174300012,AV+DE LA REPUBLIQUE,44600,SAINT-NAZAIRE
150,5471768,547176800019,AV+DES IBIS,44500,LA BAULE-ESCOUBLAC
151,5471784,547178400016,RUE+HOTEL VILLE,44290,GUEMENE-PENFAO
152,5471800,547180000010,145.0+AV+DU GENERAL DE GAULLE,44500,LA BAULE-ESCOUBLAC
153,5471800,547180000028,RTE+DE LA BAULE,44350,GUERANDE
154,5471842,547184200012,PL+ABB CORBILLE,44130,BOUVRON
155,5471891,547189100019,ESP BENOIT,44500,LA BAULE-ESCOUBLAC
156,5471941,547194100012,AV+DONIZETTI,44500,LA BAULE-ESCOUBLAC
157,5471958,547195800016,15.0+AV+GEORGES CLEMENCEAU,44500,LA BAULE-ESCOUBLAC
158,5472014,547201400017,RTE+DE VANNES,44160,PONTCHATEAU
159,5472022,547202200028,BD+OCEANIDES,44380,PORNICHET
160,5472063,547206300014,163.0+B+MAYUN,44410,LA CHAPELLE-DES-MARAIS
161,5472238,547223800020,LE BOURG,44630,PLESSE
162,5472253,547225300011,276.0+AV+MAL DE LATTRE DE TASSIGNY,44500,LA BAULE-ESCOUBLAC
163,5472261,547226100014,LA VILLES DAVAUD,44380,PORNICHET
164,5472683,547268300019,BOURG,44530,SAINT-GILDAS-DES-BOIS
165,5472857,547285700019,BOURG,44160,SAINTE-ANNE-SUR-BRIVET
166,5472873,547287300016,AV+DE MAZY,44380,PORNICHET
167,5472980,547298000019,BOURG,44360,CORDEMAIS
168,5473020,547302000013,10.0+BD+COURCELLES,44290,GUEMENE-PENFAO
169,5473152,547315200048,3.0+ALL+DE LA COLLE LONGUE,6270,VILLENEUVE-LOUBET
170,5473202,547320200017,2.0+PL+ARISTIDE BRIAND,44220,COUERON
171,5473202,547320200025,5.0+RUE+DU DOCTEUR JANVIER,44220,COUERON
172,5473244,547324400027,40.0+B+AV+GEORGES CLEMENCEAU,44380,PORNICHET
173,5473285,547328500012,29.0+RUE+DU MAINE,44600,SAINT-NAZAIRE
174,5473327,547332700012,8.0+Q DE LA PETITE CHAMBRE,44490,LE CROISIC
175,5473418,547341800019,LD+VILLE BERTHE,44460,FEGREAC
176,5473442,547344200019,RTE+DE LA COTE D AMOUR,44600,SAINT-NAZAIRE
177,5473822,547382200038,IMP+STE ELISABETH,44260,SAVENAY
178,5473921,547392100012,88.0+AV+DE LA REPUBLIQUE,44600,SAINT-NAZAIRE
179,5473939,547393900014,RUE+DU TRAICT,44490,LE CROISIC
180,5473988,547398800011,Q ST PIERRE,44420,LA TURBALLE
181,5474200,547420000010,AV+DE LA MONNERAYE,44410,HERBIGNAC
182,5474440,547444000012,31.0+BD+DE LA LIBERATION,44360,SAINT-ETIENNE-DE-MONTLUC
183,5474481,547448100016,71.0+AV+ALBERT DE MUN,44600,SAINT-NAZAIRE
184,5474507,547450700018,ALL+DES PETRELS,44500,LA BAULE-ESCOUBLAC
185,5474564,547456400019,BD+DE LA LIBERATION,44220,COUERON
186,5474598,547459800017,8.0+AV+DES PINS,44380,PORNICHET
187,5474630,547463000018,32.0+AV+DU GENERAL DE GAULLE,44600,SAINT-NAZAIRE
188,5474747,547474700010,LD+LE DRESNY,44630,PLESSE
189,5474770,547477000012,RUE+DE TRIGNAC,44600,SAINT-NAZAIRE
190,5474945,547494500010,RTE+ROUTE DE ST GILDAS,44530,GUENROUET
191,5474960,547496000019,86.0+RUE+JEAN GUTENBERG,44600,SAINT-NAZAIRE
192,5475215,547521500017,LD+LANCE,44630,PLESSE
193,5475314,547531400018,1.0+RUE+DE LA GARE,44510,LE POULIGUEN
194,5480066,548006600124,7.0+RTE+DE POMPIERRE,44100,NANTES
195,5480082,548008200014,DISSIGNAC,44600,SAINT-NAZAIRE
196,5480165,548016500017,AV+DU GENERAL DE GAULLE,44500,LA BAULE-ESCOUBLAC
197,5480231,548023100017,220.0+AV+MAL DE LATTRE DE TASSIGNY,44500,LA BAULE-ESCOUBLAC
198,5480256,548025600014,6.0+RUE+DU POULIGUEN,44740,BATZ-SUR-MER
199,5480546,548054600018,LENIPHEN,44350,GUERANDE
200,5480546,548054600059,322.0+BD+JEAN JACQUES BOSC,33130,BEGLES
201,5480546,548054600067,MONTCOUPOT,51210,MONTMIRAIL
202,5510037,551003700012,1.0+RUE+HOHON,80510,LONG
203,5510060,551006000014,2.0+RTE+DE FEUQUIERES,80210,TOURS-EN-VIMEU
204,5510086,551008600019,,80150,CANCHY
205,5510102,551010200014,142.0+CHS+MARCADE,80100,ABBEVILLE
206,5510326,551032600019,,80135,SAINT-RIQUIER
207,5510367,551036700013,HAM+DE BELLEFONTAINE,80490,BAILLEUL
208,5510490,551049000013,,80120,QUEND
209,5510508,551050800020,RUE+DU 11 NOVEMBRE,80220,GAMACHES
210,5510532,551053200053,691.0+RUE+D ABBEVILLE,80000,AMIENS
211,5510623,551062300027,7.0+RUE+SAINT ANTOINE,80510,LONG
212,5510631,551063100012,13.0+RUE+ROGER SALENGRO,80210,FEUQUIERES-EN-VIMEU
213,5510722,551072200019,,80135,ONEUX
214,5510854,551085400010,RUE+JEAN DE PONTHIEU,80100,ABBEVILLE
215,5511027,551102700012,15.0+RUE+DU MARAIS,80120,RUE
216,5511050,551105000014,8.0+RTE+DE BERCK,80120,FORT-MAHON-PLAGE
217,5511100,551110000017,CHS+MARCADE,80100,ABBEVILLE
218,5511142,551114200019,53.0+RUE+PIERRE CURIE,80210,FEUQUIERES-EN-VIMEU
219,5511167,551116700016,,80150,DOMPIERRE-SUR-AUTHIE
220,5511183,551118300021,41.0+RUE+DU LIEUTENANT CARON,80100,ABBEVILLE
221,5511225,551122500012,RUE+DE L EGLISE,80132,CAMBRON
222,5511357,551135700013,27.0+RUE+MARECHAL FOCH,80100,ABBEVILLE
223,5511415,551141500019,11.0+RUE+DE LA REPUBLIQUE,80510,LONGPRE-LES-CORPS-SAINTS
224,5511449,551144900018,RUE+JACQUES MALLET,80132,HAUTVILLERS-OUVILLE
225,5511456,551145600013,62.0+RUE+GRANDE,80220,GAMACHES
226,5511464,551146400017,259.0+RTE+DE ROUEN,80100,ABBEVILLE
227,5511472,551147200010,24.0+RUE+SAINT VULFRAN,80100,ABBEVILLE
228,5511530,551153000015,8.0+RUE+GASTON GARRY,80120,RUE
229,5511688,551168800011,33.0+RUE+VASSEUR,80120,QUEND
230,5511738,551173800014,RUE+NOTRE DAME,80135,SAINT-RIQUIER
231,5511845,551184500017,10.0+RUE+DU GENERAL LECLERC,80550,LE CROTOY
232,5511944,551194400018,,80570,DARGNIES
233,5512025,551202500015,RUE+MARECHAL FOCH,80100,ABBEVILLE
234,5512066,551206600019,3.0+RUE+FERDINAND BUISSON,80210,FEUQUIERES-EN-VIMEU
235,5512231,551223100019,,80150,LE BOISLE
236,5512363,551236300010,,80132,LE TITRE
237,5512447,551244700011,RUE+ROGER SALENGRO,80210,FEUQUIERES-EN-VIMEU
238,5512645,551264500010,RUE+DE L EGLISE,80140,HUPPY
239,5512678,551267800011,PL+DU MONUMENT,80550,LE CROTOY
240,5512686,551268600014,8.0+RUE+DE LA PORTE DU PONT,80550,LE CROTOY
241,5512710,551271000012,9.0+RTE+D ABBEVILLE,80135,SAINT-RIQUIER
242,5512728,551272800014,RUE+DE MALADRERIE,80150,YVRENCHEUX
243,5515309,551530900010,RUE+D ABBEVILLE,80120,QUEND
244,5520028,552002800019,RUE+AMBROISE CROIZAT,80570,DARGNIES
245,5520036,552003600012,220.0+RUE+DE MENCHECOURT,80100,ABBEVILLE
246,5520077,552007700016,13.0+RUE+GAMBETTA,80210,FEUQUIERES-EN-VIMEU
247,5520119,552011900016,74.0+BD+DE LA PORTELETTE,80100,ABBEVILLE
248,5520119,552011900024,27.0+RUE+LEDIEN,80100,ABBEVILLE
249,5520119,552011900032,,80870,MOYENNEVILLE
250,5520119,552011900040,,80490,BAILLEUL
251,5520119,552011900057,17.0+RUE+LEDIEN,80100,ABBEVILLE
252,5520135,552013500012,253.0+RUE+DE MENCHECOURT,80100,ABBEVILLE
253,5520135,552013500020,32.0+PL+DE LA GARE - LILLE,59800,LILLE
254,5520135,552013500038,70.0+RUE+DE LAUSANNE,1220,DIVONNE-LES-BAINS
255,5520176,552017600016,50.0+RUE+PASTEUR,80210,FEUQUIERES-EN-VIMEU
256,5520176,552017600032,ZONE DES HAYETTES,80210,CHEPY
257,5520200,552020000014,4.0+RUE+PIERRE CURIE,80220,GAMACHES
258,5520234,552023400021,ZONE INDUSTRIELLE,80210,FEUQUIERES-EN-VIMEU
259,5520242,552024200016,3.0+RUE+DU 43 RIC,80510,LONGPRE-LES-CORPS-SAINTS
260,5520242,552024200032,55.0+BD+DE SEBASTOPOL,75001,PARIS 1
261,5520242,552024200040,88.0+RUE+ROBESPIERRE,93100,MONTREUIL
262,5520242,552024200057,14.0+RUE+LESAULT,93500,PANTIN
263,5520242,552024200065,14.0+RUE+LESAULT,93500,PANTIN
264,5520242,552024200073,1.0+AV+ALBERT EINSTEIN,78190,TRAPPES
265,5520242,552024200081,4.0+RUE+DU 43 EME RIC,80510,LONGPRE-LES-CORPS-SAINTS
266,5520259,552025900010,CHS+DU BOIS,80100,ABBEVILLE
267,5520309,552030900013,RUE+MARECHAL FOCH,80100,ABBEVILLE
268,5520325,552032500019,12.0+RUE+HENRI BARBUSSE,80570,DARGNIES
269,5520325,552032500027,36.0+AV+JUNOT,75018,PARIS 18
270,5520408,552040800047,52.0+RUE+DE LA BIENFAISANCE,75008,PARIS 8
271,5520408,552040800054,17.0+RUE+DE LA BAUME,75008,PARIS 8
272,5520416,552041600016,60.0+QUAI+DE LA POINTE,80100,ABBEVILLE
273,5520424,552042400010,RUE+JOSSE VAN ROBAIS,80100,ABBEVILLE
274,5520432,552043200013,58.0+RUE+GRANDE,80220,GAMACHES
275,5520440,552044000016,2.0+RUE+SAINT GILLES,80100,ABBEVILLE
276,5520465,552046500039,RUE+DE L HOMMELET,59100,ROUBAIX
277,5520507,552050700012,MOU SAINT JEAN,80120,RUE
278,5540034,554003400013,PL+GENERAL DE GAULLE,4000,DIGNE-LES-BAINS
279,5540083,554008300010,RUE+4 COINS,4500,RIEZ
280,5540091,554009100013,AV+DE LA LIBERATION,4200,SISTERON
281,5540125,554012500019,PL+JEAN JAURES,4160,CHATEAU-ARNOUX-SAINT-AUBAN
282,5540273,554027300025,7.0+PL+BERAUD,4330,BARREME
283,5540307,554030700013,HAM+LE SAUZE,4400,ENCHASTRAYES
284,5540315,554031500016,44.0+BD+GASSENDI,4000,DIGNE-LES-BAINS
285,5540349,554034900015,RUE+DES COURTILS,4360,MOUSTIERS-SAINTE-MARIE
286,5540372,554037200017,2.0+PL+DE L HORLOGE,4200,SISTERON
287,5540380,554038000010,49.0+BD+GASSENDI,4000,DIGNE-LES-BAINS
288,5540422,554042200010,9.0+ALL+ROMAIN SELSIS,4700,ORAISON
289,5540448,554044800015,,4350,MALIJAI
290,5540455,554045500010,LE VILLAGE,4350,MALIJAI
291,5540497,554049700012,47.0+RUE+MANUEL,4400,BARCELONNETTE
292,5540539,554053900029,PL+FREDERIC MISTRAL,4210,VALENSOLE
293,5540547,554054700014,,4120,CASTELLANE
294,5540554,554055400010,RUE+DE LA GRANDE FONTAINE,4210,VALENSOLE
295,5540612,554061200016,LE CYRNOS,4200,SISTERON
296,5540646,554064600014,PL+MARIUS SAUVAIRE,4120,CASTELLANE
297,5540661,554066100021,34.0+BD+GASSENDI,4000,DIGNE-LES-BAINS
298,5540828,554082800018,6.0+PL+DE LA MAIRIE,4200,SISTERON
299,5540836,554083600011,GRAND RUE,4210,VALENSOLE
300,5540844,554084400015,,4500,QUINSON
301,5540869,554086900012,7.0+RUE+SAUNERIE,4200,SISTERON
302,5540885,554088500018,PL+CLEMENT PLANE,4700,ORAISON
303,5540901,554090100013,,4360,MOUSTIERS-SAINTE-MARIE
304,5540968,554096800012,7.0+RUE+CAPITOUL,4000,DIGNE-LES-BAINS
305,5540976,554097600015,BD+GASSENDI,4000,DIGNE-LES-BAINS
306,5541016,554101600019,LES FERREOLS,4000,DIGNE-LES-BAINS
307,5541032,554103200016,,4140,AUZET
308,5541040,554104000019,,4530,LA CONDAMINE-CHATELARD
309,5541065,554106500016,,4140,SEYNE
310,5541073,554107300010,RTE+NATIONALE 96,4600,CHATEAU-ARNOUX-SAINT-AUBAN
311,5541123,554112300013,,4170,THORAME-HAUTE
312,5541206,554120600016,RUE+DU MILIEU,4320,ENTREVAUX
313,5541206,554120600024,QUA+LE RAGOT,4320,ENTREVAUX
314,5541248,554124800018,,4250,LE CAIRE
315,5541255,554125500013,LE VERLAINE,4800,GREOUX-LES-BAINS
316,5541263,554126300017,,4370,BEAUVEZER
317,5541305,554130500016,GAUDEISSARD,4340,MEOLANS-REVEL
318,5541347,554134700018,,4500,MONTAGNAC-MONTPEZAT
319,5541347,554134700026,,4500,RIEZ
320,5541362,554136200017,,4700,ORAISON
321,5541412,554141200010,2.0+C ARCS,4000,DIGNE-LES-BAINS
322,5541438,554143800023,RUE+DU VALLON DE FARINE,4000,DIGNE-LES-BAINS
323,5541495,554149500015,,4240,ANNOT
324,5541529,554152900011,,4170,SAINT-ANDRE-LES-ALPES
325,5541545,554154500017,,4360,MOUSTIERS-SAINTE-MARIE
326,5541552,554155200013,HOTEL DU VERDON,4370,BEAUVEZER
327,5541552,554155200021,L'AULAPIE,4260,ALLOS
328,5541552,554155200039,PISTE DE L'AIGUILLE,4260,ALLOS
329,5541560,554156000016,37.0+RUE+MANUEL,4400,BARCELONNETTE
330,5541610,554161000035,RUE+DES CORDELIERS,4200,SISTERON
331,5541669,554166900015,SAINT CHRISTOPHE,4000,DIGNE-LES-BAINS
332,5541677,554167700018,20.0+RUE+MANUEL,4400,BARCELONNETTE
333,5541685,554168500011,15.0+RUE+DE L ANCIENNE MAIRIE,4000,DIGNE-LES-BAINS
334,5541701,554170100016,,4530,LA CONDAMINE-CHATELARD
335,5541735,554173500014,35.0+BD+GASSENDI,4000,DIGNE-LES-BAINS
336,5541750,554175000013,,4370,COLMARS
337,5541776,554177600018,,4170,SAINT-ANDRE-LES-ALPES
338,5541842,554184200018,RUE+DE LA GRANDE FONTAINE,4000,DIGNE-LES-BAINS
339,5541867,554186700023,QUAI+DES 4 CHEMINS,83460,LES ARCS
340,5541909,554190900015,BD+REPUBLIQUE,4190,LES MEES
341,5541982,554198200020,32.0+BD+GASSENDI,4000,DIGNE-LES-BAINS
342,5542113,554211300013,SAUZE,4400,ENCHASTRAYES
343,5542162,554216200010,,4340,MEOLANS-REVEL
344,5542212,554221200013,QUAI+LE SAUZE,4400,ENCHASTRAYES
345,5542261,554226100010,COL ST JEAN,4340,SAINT VINCENT LES FORTS
346,5542345,554234500011,RUE+DE LA MAIRIE,4190,LES MEES
347,5542394,554239400019,1.0+PL+PIED DE VILLE,4000,DIGNE-LES-BAINS
348,5542410,554241000013,RUE+SAUNERIE,4200,SISTERON
349,5550017,555001700015,AV+DE LA GARE,4200,SISTERON
350,5550025,555002500018,34.0+ALL+DES FONTAINIERS,4000,DIGNE-LES-BAINS
351,5550025,555002500026,RUE+FERDINAND DE LESSEPS,4000,DIGNE-LES-BAINS
352,5550058,555005800019,QUA+LES BONS ENFANTS,4200,PEIPIN
353,5550058,555005800027,155.0+ALL+DES PLATANES LES MILLES,13290,AIX-EN-PROVENCE
354,5550066,555006600012,QUAI+DU GAND,4200,SISTERON
355,5550082,555008200027,ZONE ARTISANALE,4120,CASTELLANE
356,5550082,555008200035,519.0+AV+ALLENDE SALVADOR,83300,DRAGUIGNAN
357,5550108,555010800012,PL+ARMES,4140,SEYNE
358,5550116,555011600023,Z I D UVERNET FOURS,4400,UVERNET-FOURS
359,5550124,555012400019,RTE+NATIONALE 96,4600,CHATEAU-ARNOUX-SAINT-AUBAN
360,5550157,555015700019,PL+TAMPINET,4000,DIGNE-LES-BAINS
361,5550207,555020700012,QU DE LA GARE GAUBERT,4000,DIGNE-LES-BAINS
362,5550231,555023100012,,4700,ORAISON
363,5550256,555025600019,,4210,VALENSOLE
364,5570122,557012200019,85.0+AV+DU GENERAL DE GAULLE,44500,LA BAULE-ESCOUBLAC
365,5570296,557029600011,26.0+RUE+PIERRE VERGNIAUD,44600,SAINT-NAZAIRE
366,5570338,557033800011,RUE+DE REDON,44130,BLAIN
367,5570361,557036100013,13.0+AV+ALBERT DE MUN,44600,SAINT-NAZAIRE
368,5570387,557038700018,RUE+D ANJOU,44600,SAINT-NAZAIRE
369,5570445,557044500014,5.0+AV+ROMANO,44500,LA BAULE-ESCOUBLAC
370,5570452,557045200010,RUE+DU PORT,44600,SAINT-NAZAIRE
371,5570569,557056900011,37.0+RUE+DU GAL DE GAULLE,44290,GUEMENE-PENFAO
372,5570593,557059300011,BOURG,44750,CAMPBON
373,5570601,557060100012,LD+LE DRESNY,44630,PLESSE
374,5570650,557065000027,31.0+BD+LEON GAMBETTA,44600,SAINT-NAZAIRE
375,5570718,557071800014,AV+MARECHAL JOFFRE,44500,LA BAULE-ESCOUBLAC
376,5570783,557078300018,142.0+AV+DE MAZY,44380,PORNICHET
377,5570882,557088200026,13.0+RUE+DE LA GARE,44740,BATZ-SUR-MER
378,5570916,557091600022,AV+ALBERT DE MUN,44600,SAINT-NAZAIRE
379,5570957,557095700018,BOURG,44750,CAMPBON
380,5571104,557110400016,LA MADELEINE,44350,GUERANDE
381,5571187,557118700011,1.0+RUE+DU PORT,44420,LA TURBALLE
382,5571195,557119500022,RUE+DE LA POSTE,44290,GUEMENE-PENFAO
383,5571344,557134400018,CITE+DE LA CHABOSSIERE,44220,COUERON
384,5571385,557138500011,AV+DES IBIS,44500,LA BAULE-ESCOUBLAC
385,5571435,557143500014,RUE+RENE LAENNEC,44480,DONGES
386,5571450,557145000013,27.0+RTE+DE NOZAY,44130,BLAIN
387,5571534,557153400014,PL+SIMON,44290,GUEMENE-PENFAO
388,5571559,557155900011,175.0+RUE+DE PORNICHET,44600,SAINT-NAZAIRE
389,5571591,557159100014,RUE+AUGUSTE BAPTISTE LECHAT,44600,SAINT-NAZAIRE
390,5571641,557164100017,LD+LA FOLAINE,44360,CORDEMAIS
391,5571674,557167400018,BOURG,44290,PIERRIC
392,5571682,557168200011,24.0+RUE+DE NANTES,44260,SAVENAY
393,5571708,557170800014,2.0+RUE+SAINT MICHEL,44350,GUERANDE
394,5571716,557171600017,PL+SIMON,44290,GUEMENE-PENFAO
395,5571781,557178100011,98.0+AV+DE LA REPUBLIQUE,44600,SAINT-NAZAIRE
396,5571799,557179900013,BOURG,44360,VIGNEUX-DE-BRETAGNE
397,5571807,557180700014,1.0+AV+DU VICE AMIRAL HALGAN,44480,DONGES
398,5571823,557182300011,RUE+DE LA FORET,44130,BLAIN
399,5571831,557183100014,BOURG,44160,SAINTE-ANNE-SUR-BRIVET
400,5571880,557188000011,10.0+RUE+DU GENERAL LECLERC,44510,LE POULIGUEN
401,5571930,557193000014,2.0+PL+SAINTE ANNE,44350,GUERANDE
402,5571955,557195500011,6.0+RUE+DE VERDUN,44160,PONTCHATEAU
403,5571971,557197100018,LD+BESLON,44350,GUERANDE
404,5572029,557202900014,11.0+RUE+DE BARDOUX,44130,BOUVRON
405,5572037,557203700017,RUE+JULES VERNE,44600,SAINT-NAZAIRE
406,5572086,557208600014,LD+CRX LOURMEL,44460,FEGREAC
407,5572102,557210200019,4.0+Q HERVE RIELLE,44490,LE CROISIC
408,5572110,557211000012,15.0+AV+DU GENERAL DE GAULLE,44500,LA BAULE-ESCOUBLAC
409,5572185,557218500014,BD+DE LA LIBERATION,44220,COUERON
410,5572193,557219300018,RUE+DU CHATEAU,44130,BLAIN
411,5572235,557223500017,2.0+RUE+DES CORDIERS,44490,LE CROISIC
412,5572268,557226800018,RUE+MARCEL SEMBAT,44600,SAINT-NAZAIRE
413,5572326,557232600014,19.0+RUE+JOLIOT CURIE,44720,SAINT-JOACHIM
414,5572490,557249000018,107.0+RTE+DE VANNES,44160,PONTCHATEAU
415,5572607,557260700025,17.0+RUE+JOLIOT CURIE,44720,SAINT-JOACHIM
416,5572615,557261500010,LD+LA GUESNE,44480,DONGES
417,5572680,557268000014,AV+DES TILLEULS,44500,LA BAULE-ESCOUBLAC
418,5572706,557270600017,57.0+AV+ALBERT DE MUN,44600,SAINT-NAZAIRE
419,5572714,557271400011,8.0+BD+DE LA MER,44740,BATZ-SUR-MER
420,5572789,557278900013,LD+LA MEULE,44290,MASSERAC
421,5572920,557292000014,AV+HENRI,44380,PORNICHET
422,5573035,557303500010,LE GUESNY,44350,GUERANDE
423,5573100,557310000012,ST ROCH,44160,PONTCHATEAU
424,5573183,557318300018,4.0+QUAI+DE VERDUN,44420,PIRIAC-SUR-MER
425,5573373,557337300015,23.0+BD+DE LA RENAISSANCE,44600,SAINT-NAZAIRE
426,5573415,557341500014,1.0+RUE+DU RUA,44410,LA CHAPELLE-DES-MARAIS
427,5573522,557352200017,10.0+PL+JEAN GUIHARD,44130,BLAIN
428,5573720,557372000017,LD+POMPAS,44410,HERBIGNAC
429,5573761,557376100011,AV+DU GENERAL DE GAULLE,44380,PORNICHET
430,5573779,557377900013,BD+DE LA LIBERATION,44220,COUERON
431,5573811,557381100014,LD+ST SEBASTIEN,44380,PORNICHET
432,5573878,557387800013,RUE+SAINT MICHEL,44350,GUERANDE
433,5573969,557396900010,LD+LA STATION,44530,SEVERAC
434,5574017,557401700017,1.0+RUE+CHARLES BRUNELIERE,44570,TRIGNAC
435,5574025,557402500010,BOURG,44460,FEGREAC
436,5574058,557405800029,LA VILLE HEULIN,44600,SAINT-NAZAIRE
437,5574132,557413200014,26.0+AV+DU GENERAL DE GAULLE,44500,LA BAULE-ESCOUBLAC
438,5574173,557417300018,RUE+DE LA PAIX ET DES ARTS,44600,SAINT-NAZAIRE
439,5574249,557424900024,PL+DE LA GARE,44480,DONGES
440,5574389,557438900010,AV+DU GENERAL DE GAULLE,44500,LA BAULE-ESCOUBLAC
441,5574405,557440500014,AV+LOUIS LAJARRIGE,44500,LA BAULE-ESCOUBLAC
442,5574454,557445400012,LES COTTAGES,44160,PONTCHATEAU
443,5574488,557448800010,RUE+PRINCIPALE,44130,LE GAVRE
444,5574546,557454600015,RUE+DE TOUTES AIDES,44600,SAINT-NAZAIRE
445,5574678,557467800016,10.0+RUE+MAURICE SAMBRON,44160,PONTCHATEAU
446,5574736,557473600012,LD+LE POTEAU VERT,44460,SAINT-NICOLAS-DE-REDON
447,5574793,557479300013,6.0+RUE+DE LA VILLE HALLUARD,44600,SAINT-NAZAIRE
448,5574942,557494200016,RUE+SAINT MICHEL,44350,GUERANDE
449,5574975,557497500016,AV+DE SAINT SEBASTIEN,44380,PORNICHET
450,5575170,557517000013,LD+LE PONT D ARMES,44410,ASSERAC
451,5575188,557518800015,SAINT EMILIEN,44130,BLAIN
452,5575246,557524600011,21.0+RUE+DE L EGLISE,44260,SAVENAY
453,5575360,557536000010,AV+DE JOYEUSE RD192,44500,LA BAULE-ESCOUBLAC
454,5575386,557538600015,BD+VICTOR HUGO,44600,SAINT-NAZAIRE
455,5575485,557548500015,LD+QUIMIAC,44420,MESQUER
456,5575485,557548500023,BD+DE L'OCEC,44420,MESQUER
457,5575501,557550100019,59.0+RUE+JEAN JAURES,44220,COUERON
458,5575535,557553500017,RUE+DE LA PAIX,44360,SAINT-ETIENNE-DE-MONTLUC
459,5575543,557554300011,BD+HENNECART,44500,LA BAULE-ESCOUBLAC
460,5575741,557574100011,BOURG,44530,GUENROUET
461,5575832,557583200018,AV+DE LA REPUBLIQUE,44600,SAINT-NAZAIRE
462,5575899,557589900017,AV+DE LA REPUBLIQUE,44600,SAINT-NAZAIRE
463,5575907,557590700018,BOURG,44750,QUILLY
464,5576053,557605300010,11.0+RUE+GABRIEL PERI,44600,SAINT-NAZAIRE
465,5576145,557614500014,36.0+RUE+RENE GUILLOUZO,44600,SAINT-NAZAIRE
466,5576160,557616000013,36.0+AV+DU GENERAL DE GAULLE,44600,SAINT-NAZAIRE
467,5576178,557617800015,AV+JULES VERNE,44500,LA BAULE-ESCOUBLAC
468,5576186,557618600018,2.0+RUE+DU CLOS DU BOIS,44160,PONTCHATEAU
469,5576194,557619400012,BOURG,44117,SAINT-ANDRE-DES-EAUX
470,5576210,557621000016,RUE+DE LA MARNE,44220,COUERON
471,5576236,557623600011,22.0+RUE+SAINT MARTIN,44480,DONGES
472,5576244,557624400015,LD+LE GOUX,44260,MALVILLE
473,5576319,557631900015,AV+DE PENHOET,44600,SAINT-NAZAIRE
474,5576343,557634300015,PL+JEAN GUIHARD,44130,BLAIN
475,5576376,557637600015,24.0+ESP+FRANCOIS ANDRE,44500,LA BAULE-ESCOUBLAC
476,5576699,557669900010,AV+DE LA REPUBLIQUE,44600,SAINT-NAZAIRE
477,5576798,557679800010,78.0+RUE+JEAN JAURES,44600,SAINT-NAZAIRE
478,5576814,557681400015,14.0+AV+DU VICE AMIRAL HALGAN,44480,DONGES
479,5576889,557688900017,2.0+BD+ALBERT 1ER,44600,SAINT-NAZAIRE
480,5576913,557691300015,PL+DU CHAMP DE MARS,44220,COUERON
481,5576962,557696200012,19.0+RUE+DE NANTES,44360,LE TEMPLE-DE-BRETAGNE
482,5577028,557702800011,BOURG,44130,FAY-DE-BRETAGNE
483,5577051,557705100021,14.0+BD+OCEANIDES,44380,PORNICHET
484,5577119,557711900018,L ENFER NEUF,44550,MONTOIR-DE-BRETAGNE
485,5577143,557714300018,AV+DES IBIS,44500,LA BAULE-ESCOUBLAC
486,5577168,557716800015,61.0+AV+ALBERT DE MUN,44600,SAINT-NAZAIRE
487,5577200,557720000016,108.0+RUE+JOLIOT CURIE,44720,SAINT-JOACHIM
488,5577325,557732500029,32.0+RUE+SAINT MICHEL,44350,GUERANDE
489,5580055,558005500019,8.0+RUE+DELESTAGE,44510,LE POULIGUEN
490,5580071,558007100016,88.0+AV+ALBERT DE MUN,44600,SAINT-NAZAIRE
491,5580113,558011300032,30.0+AV+LEON BLUM,44600,SAINT-NAZAIRE
492,5580113,558011300040,13.0+AV+BARBARA,44570,TRIGNAC
493,5580121,558012100019,101.0+QUAI+DES FREGATES,44600,SAINT-NAZAIRE
494,5580121,558012100035,2.0+RUE+VICTOR FENOUX,29200,BREST
495,5580121,558012100043,BD+STALINGRAD,76120,LE GRAND-QUEVILLY
496,5580121,558012100068,RUE+EDOUARD LAVOINE,76200,DIEPPE
497,5580121,558012100100,15.0+BD+DE L AMIRAL BRUIX,75116,PARIS 16
498,5580121,558012100126,RUE+BELLOT,76600,LE HAVRE
499,5580121,558012100134,RTE+DES DOCKS FLOTTANTS,59140,DUNKERQUE
500,5580147,558014700030,RUE+RENE GUY CADOU,44600,SAINT-NAZAIRE
501,5580154,558015400036,10.0+RUE+DES USINES,44100,NANTES
502,5580204,558020400013,LA ROCHE,44360,SAINT-ETIENNE-DE-MONTLUC
503,5580212,558021200016,32.0+AV+DE LA REPUBLIQUE,44600,SAINT-NAZAIRE
504,5580238,558023800011,AV+DU GENERAL DE GAULLE,44500,LA BAULE-ESCOUBLAC
505,5580261,558026100013,9.0+RUE+MAURICE SAMBRON,44160,PONTCHATEAU
506,5580295,558029500011,33.0+AV+DU GENERAL DE GAULLE,44500,LA BAULE-ESCOUBLAC
507,5580329,558032900018,AV+DU GENERAL DE GAULLE,44600,SAINT-NAZAIRE
508,5580345,558034500022,40.0+BD+DE SAINT NAZAIRE,44380,PORNICHET
509,5580345,558034500030,10.0+RUE+ANDERS CELSIUS,44600,SAINT-NAZAIRE
510,5580436,558043600011,BD+DES APPRENTIS,44600,SAINT-NAZAIRE
511,5580436,558043600052,94.0+BD+FLANDRIN,75116,PARIS 16
512,5580436,558043600060,RUE+SAINT FIACRE,85640,MOUCHAMPS
513,5580469,558046900038,47.0+RUE+DE L'UNIVERSITE,75007,PARIS 7
514,5580501,558050100012,QUAI+DU COMMERCE,44600,SAINT-NAZAIRE
515,5580501,558050100020,262.0+BD+SAINT GERMAIN,75007,PARIS 7
516,5580501,558050100038,56.0+BD+DU DOYENNE,49100,ANGERS
517,5580501,558050100046,93.0+BD+MALESHERBES,75008,PARIS 8
518,5580527,558052700017,RTE+DE NANTES,44160,PONTCHATEAU
519,5580600,558060000012,84.0+RUE+DU CDT GUSTAVE GATE,44600,SAINT-NAZAIRE
520,5580618,558061800022,BREHADOUR,44350,GUERANDE
521,5580618,558061800030,52.0+RUE+D ANJOU,44600,SAINT-NAZAIRE
522,5580642,558064200014,LE CALVAIRE,44160,PONTCHATEAU
523,5580683,558068300018,3.0+AV+SAINT SAENS,44500,LA BAULE-ESCOUBLAC
524,5580683,558068300026,139.0+RUE+PAUL VAILLANT COUTURIER,92240,MALAKOFF
525,5580766,558076600011,RUE+JEAN GUTENBERG,44600,SAINT-NAZAIRE
526,5580782,558078200018,31.0+PL+DE L HOTEL DE VILLE,44260,SAVENAY
527,5580824,558082400018,RUE+LA CROIX AMISSE,44600,SAINT-NAZAIRE
528,5610043,561004300019,,80370,HIERMONT
529,5610142,561014200019,,80210,CHEPY
530,5610175,561017500019,,80135,SAINT-RIQUIER
531,5610324,561032400013,RUE+DU GENERAL LECLERC,80150,CRECY-EN-PONTHIEU
532,5610399,561039900015,32.0+RUE+DU GENERAL LECLERC,80150,CRECY-EN-PONTHIEU
533,5610423,561042300013,,80150,BOUFFLERS
534,5610746,561074600017,PAS+DES ORMES,80550,LE CROTOY
535,5610761,561076100016,PL+MAX LEJEUNE,80100,ABBEVILLE
536,5610886,561088600011,39.0+CHS+MARCADE,80100,ABBEVILLE
537,5610928,561092800011,,80270,ALLERY
538,5610936,561093600014,,80270,ALLERY
539,5610993,561099300023,20.0+RUE+JEAN DE PONTHIEU,80100,ABBEVILLE
540,5611009,561100900019,16.0+PL+DU GENERAL LECLERC,80220,GAMACHES
541,5611025,561102500015,8.0+RUE+DU GENERAL LECLERC,80150,CRECY-EN-PONTHIEU
542,5611066,561106600019,34.0+RUE+DE NORMANDIE,80220,GAMACHES
543,5611074,561107400013,88.0+FG+SUR SOMME,80100,ABBEVILLE
544,5611215,561121500012,39.0+RUE+DU GENERAL DE GAULLE,80135,SAINT-RIQUIER
545,5611223,561122300016,CHE+BARRE DE LA MER,80550,LE CROTOY
546,5611389,561138900015,,80120,FORT-MAHON-PLAGE
547,5611462,561146200010,,80150,MAISON-PONTHIEU
548,5611744,561174400011,2.0+AV+DU CHATEAU D EAU,80550,LE CROTOY
549,5611751,561175100016,67.0+RUE+DU GENERAL LECLERC,80150,CRECY-EN-PONTHIEU
550,5611827,561182700014,19.0+RUE+DE LA VALLEE,80132,CAHON
551,5611926,561192600014,17.0+RUE+DE L ABREUVOIR,80100,ABBEVILLE
552,5612056,561205600019,28.0+RUE+MARECHAL FOCH,80100,ABBEVILLE
553,5612106,561210600020,1.0+RUE+DES PATISSIERS,80510,LONGPRE-LES-CORPS-SAINTS
554,5612114,561211400016,RUE+DU GENERAL LECLERC,80150,CRECY-EN-PONTHIEU
555,5612130,561213000012,48.0+RUE+SAINT GILLES,80100,ABBEVILLE
556,5612288,561228800018,42.0+AV+DE LA PLAGE,80120,FORT-MAHON-PLAGE
557,5612296,561229600011,10.0+RUE+CORNEHOTTE,80570,DARGNIES
558,5612312,561231200016,8.0+PL+MAX LEJEUNE,80100,ABBEVILLE
559,5612353,561235300010,32.0+RUE+DE LA BARRIERE,80120,RUE
560,5612478,561247800015,,80570,DARGNIES
561,5612502,561250200012,14.0+RUE+SAINT VULFRAN,80100,ABBEVILLE
562,5612577,561257700014,RUE+DU MARAIS,80120,QUEND
563,5612676,561267600014,,80220,GAMACHES
564,5612700,561270000012,,80132,CAHON
565,5612718,561271800014,1.0+RUE+PILLEVERGUE,80220,BOUTTENCOURT
566,5612734,561273400011,RTE+D ABBEVILLE,80220,BOUTTENCOURT
567,5620026,562002600012,RUE+D AIRAINES,80510,LONGPRE-LES-CORPS-SAINTS
568,5620034,562003400016,4.0+BD+DE LA REPUBLIQUE,80100,ABBEVILLE
569,5620034,562003400024,LOUIS DELAPORTE,76370,ROUXMESNIL-BOUTEILLES
570,5620059,562005900013,RUE+DE MENCHECOURT,80100,ABBEVILLE
571,5620083,562008300013,49.0+RUE+DE NORMANDIE,80220,GAMACHES
572,5620091,562009100016,RTE+NATIONALE,80132,HAUTVILLERS-OUVILLE
573,5620109,562010900016,RTE+D ANCENNES,80220,BOUTTENCOURT
574,5620117,562011700019,12.0+RUE+DE LA TANNERIE,80100,ABBEVILLE
575,5620117,562011700027,17.0+RUE+DE METZ,80000,AMIENS
576,5620158,562015800013,46.0+AV+HENRI RENARD,80120,QUEND
577,5620174,562017400010,RUE+DU MOULIN,80132,CAHON
578,5620174,562017400028,27.0+RTE+DE CHAUNY,80400,HAM
579,5620174,562017400036,22.0+RUE+DE LA VALLEE,80132,CAHON
580,5620190,562019000024,21.0+RUE+GONTIER PATIN,80100,ABBEVILLE
581,5620190,562019000032,4.0+PL+DU PILORI,80100,ABBEVILLE
582,5620190,562019000040,RUE+VENTOSE,80100,ABBEVILLE
583,5620190,562019000057,SAINTE CROIX,76470,LE TREPORT
584,5620190,562019000065,RTE+DES DEUX VALLEES,80100,ABBEVILLE
585,5620265,562026500016,CHE+DU HALAGE,80100,ABBEVILLE
586,5620281,562028100013,RUE+DES MINIMES,80100,ABBEVILLE
587,5620307,562030700016,,80570,EMBREVILLE
588,5620315,562031500035,37.0+RUE+DES MATHURINS,75008,PARIS 8
589,5620349,562034900018,RUE+PADOS,80100,ABBEVILLE
590,5620364,562036400017,5.0+RUE+EDOUARD VAILLANT,80210,FEUQUIERES-EN-VIMEU
591,5620380,562038000013,,80270,ALLERY
592,5620422,562042200013,13.0+RUE+DU PONT DE BOULOGNE,80100,ABBEVILLE
593,5620422,562042200021,,80620,DOMQUEUR
594,5620422,562042200039,RTE+DE NOYELLES,80132,GRAND-LAVIERS
595,5620422,562042200047,RUE+DE LA LIBERATION,80270,AIRAINES
596,5620422,562042200054,ZAC DU GROS JACQUES,80880,ST-QUENTIN-LA-MOTTE-CROIX-BAILLY
597,5640057,564005700013,2.0+AV+DE PARC,4160,CHATEAU-ARNOUX-SAINT-AUBAN
598,5640065,564006500016,QUAI+DE LA BEAUME,4200,SISTERON
599,5640172,564017200010,AV+DE VERDUN,4000,DIGNE-LES-BAINS
600,5640214,564021400010,RUE+CAPITOUL,4000,DIGNE-LES-BAINS
601,5640255,564025500013,PL+DU TIVOLI,4200,SISTERON
602,5640313,564031300010,,4370,COLMARS
603,5640354,564035400014,,4170,SAINT-ANDRE-LES-ALPES
604,5640388,564038800012,RUE+DE PROVENCE,4200,SISTERON
605,5640404,564040400017,,4850,JAUSIERS
606,5640412,564041200010,,4500,RIEZ
607,5640420,564042000013,LA GARE DE SAINT AUBAN,4600,CHATEAU-ARNOUX-SAINT-AUBAN
608,5640446,564044600018,56.0+BD+GASSENDI,4000,DIGNE-LES-BAINS
609,5640511,564051100019,RUE+VICTORIN MAUREL,4160,CHATEAU-ARNOUX-SAINT-AUBAN
610,5640545,564054500017,R JULES FERRY,4210,VALENSOLE
611,5640586,564058600011,,4530,LARCHE
612,5640594,564059400015,FONT ROBERT,4160,CHATEAU-ARNOUX-SAINT-AUBAN
613,5640602,564060200024,LE VILLAGE,4530,SAINT-PAUL-SUR-UBAYE
614,5640602,564060200032,ESF DU SAUZE,4400,ENCHASTRAYES
615,5640669,564066900015,,4200,SISTERON
616,5640685,564068500011,FONT ROBERT,4160,CHATEAU-ARNOUX-SAINT-AUBAN
617,5640768,564076800015,,4160,CHATEAU-ARNOUX-SAINT-AUBAN
618,5640776,564077600018,ALL+L MASSE,4700,ORAISON
619,5640784,564078400012,RUE+GRANDE,4210,VALENSOLE
620,5640800,564080000016,,4340,LE LAUZET-UBAYE
621,5640883,564088300020,3.0+GRANDE RUE,4140,SEYNE
622,5640891,564089100015,RUE+PRINCIPALE,4850,JAUSIERS
623,5640974,564097400019,,4340,UBAYE-SERRE-PONCON
624,5640990,564099000015,RTE+NATIONALE,4800,GREOUX-LES-BAINS
625,5640990,564099000023,46.0+AV+DES ALPES,4800,GREOUX-LES-BAINS
626,5641055,564105500016,,4120,CASTELLANE
627,5641063,564106300010,2.0+PL+MARCEL SAUVAIRE,4120,CASTELLANE
628,5641097,564109700018,,4190,LES MEES
629,5641139,564113900018,13.0+RUE+E DONNADIEU,4400,BARCELONNETTE
630,5641154,564115400025,LA CROISETTE,4400,BARCELONNETTE
631,5641188,564118800015,,4510,MALLEMOISSON
632,5641212,564121200013,41.0+BD+GASSENDI,4000,DIGNE-LES-BAINS
633,5641220,564122000016,BD+GASSENDI,4000,DIGNE-LES-BAINS
634,5641337,564133700018,RUE+DROITE,4200,SISTERON
635,5641428,564142800015,RUE+GRANDE,4800,GREOUX-LES-BAINS
636,5641618,564161800011,,4700,PUIMICHEL
637,5641634,564163400018,,4320,ENTREVAUX
638,5641717,564171700011,23.0+AV+DU MARECHAL JUIN,4000,DIGNE-LES-BAINS
639,5641725,564172500014,23.0+AV+DU MARECHAL JUIN,4000,DIGNE-LES-BAINS
640,5641741,564174100011,PL+DU DOCTEUR ITARD,4700,ORAISON
641,5641766,564176600018,,4530,LA CONDAMINE-CHATELARD
642,5641808,564180800018,LD+BONS ENFANTS,4200,PEIPIN
643,5641816,564181600011,,4340,MEOLANS-REVEL
644,5641824,564182400015,,4500,QUINSON
645,5641873,564187300012,BD+REPUBLIQUE,4190,LES MEES
646,5650031,565003100015,QUA+QUARTIER DE LA BEITE,4240,ANNOT
647,5650031,565003100023,493.0+AV+DE LA GARE,4240,ANNOT
648,5650056,565005600012,QUARTIER CHAMPARLAU,4200,PEIPIN
649,5650056,565005600038,QUAI+CHAMPARLAU,4200,PEIPIN
650,5650064,565006400016,RTE+DE GAP,4200,SISTERON
651,5650072,565007200019,PL+GENERAL DE GAULLE,4000,DIGNE-LES-BAINS
652,5650080,565008000012,QUAI+DES ARCHES,4000,DIGNE-LES-BAINS
653,5650098,565009800014,ZI SAINT-PONS,4400,BARCELONNETTE
654,5650106,565010600015,RUE+STE CLAIRE DEVILLE,4600,CHATEAU-ARNOUX-SAINT-AUBAN
655,5650122,565012200012,LD+FOUX,4260,ALLOS
656,5650130,565013000015,LES ARCADES,4200,SISTERON
657,5650148,565014800017,13.0+BD+VICTOR HUGO,4000,DIGNE-LES-BAINS
658,5650148,565014800025,2.0+RUE+JEU DE PAUME,4000,DIGNE-LES-BAINS
659,5650148,565014800033,2.0+RUE+DU DOCTEUR SIMON PIETRI,4000,DIGNE-LES-BAINS
660,5650189,565018900029,1.0+ALL+DES CHENES,4200,SISTERON
661,5650189,565018900037,5.0+ALL+DES GENETS,4200,SISTERON
662,5650189,565018900045,RTE+DE BARCELONNETTE,5000,GAP
663,5650189,565018900052,3.0+ALL+DES CHENES,4200,SISTERON
664,5650189,565018900060,11.0+ALL+DES ROMARINS,4200,SISTERON
665,5670062,567006200032,31.0+AV+DU GENERAL DE GAULLE,44380,PORNICHET
666,5670104,567010400016,PL+DE LA MAIRIE,44290,GUEMENE-PENFAO
667,5670112,567011200019,89.0+RUE+DE CERTE,44570,TRIGNAC
668,5670120,567012000012,PL+DU MARECHAL LECLERC,44380,PORNICHET
669,5670161,567016100016,62.0+RUE+JEAN JAURES,44600,SAINT-NAZAIRE
670,5670252,567025200013,AV+RENE COTY,44600,SAINT-NAZAIRE
671,5670278,567027800018,RUE+DE LA PAIX ET DES ARTS,44600,SAINT-NAZAIRE
672,5670310,567031000019,57.0+CHE+DE BERT,44600,SAINT-NAZAIRE
673,5670468,567046800015,46.0+AV+ALBERT DE MUN,44600,SAINT-NAZAIRE
674,5670542,567054200017,16.0+RUE+DOLMEN,44780,MISSILLAC
675,5670617,567061700017,RUE+BAPTISTE MARCET,44570,TRIGNAC
676,5670773,567077300018,6.0+QUAI+SURCOUF,44130,BLAIN
677,5670872,567087200018,RUE+DE L ILE DU LIN,44600,SAINT-NAZAIRE
678,5670898,567089800013,15.0+RUE+HENRI BRISSON,44600,SAINT-NAZAIRE
679,5670922,567092200011,BOURG,44360,VIGNEUX-DE-BRETAGNE
680,5670948,567094800016,RUE+FERDINAND BUISSON,44600,SAINT-NAZAIRE
681,5671037,567103700017,23.0+AV+DU VICE AMIRAL HALGAN,44480,DONGES
682,5671052,567105200024,203.0+AV+MAL DE LATTRE DE TASSIGNY,44500,LA BAULE-ESCOUBLAC
683,5671102,567110200019,43.0+RUE+DE PENLYS,44410,LA CHAPELLE-DES-MARAIS
684,5671136,567113600025,27.0+RUE+DE ST ETIENNE DE MONTLUC,44260,SAVENAY
685,5671284,567128400015,RUE+ARISTIDE BRIAND,44600,SAINT-NAZAIRE
686,5671292,567129200018,RUE+SAINT MICHEL,44350,GUERANDE
687,5671334,567133400018,28.0+RUE+DE LA PAIX,44360,SAINT-ETIENNE-DE-MONTLUC
688,5671375,567137500011,89.0+AV+FRANCOIS MITTERRAND,44600,SAINT-NAZAIRE
689,5671375,567137500029,CITE+D HERBINS,44600,SAINT-NAZAIRE
690,5671375,567137500037,37.0+AV+VILLES CHEVISSENS,44380,PORNICHET
691,5671383,567138300015,89.0+AV+FRANCOIS MITTERRAND,44600,SAINT-NAZAIRE
692,5671383,567138300023,CITE+D HERBINS,44600,SAINT-NAZAIRE
693,5671383,567138300031,2.0+RUE+RENE CASSIN,44600,SAINT-NAZAIRE
694,5671425,567142500022,2.0+RUE+AUGUSTE PICCARD,44600,SAINT-NAZAIRE
695,5671466,567146600018,56.0+AV+DE LA REPUBLIQUE,44600,SAINT-NAZAIRE
696,5671516,567151600010,PL+DE LA MAIRIE,44290,GUEMENE-PENFAO
697,5671532,567153200017,148.0+AV+DE MAZY,44380,PORNICHET
698,5671565,567156500017,1.0+PL+DE L EGLISE,44290,GUEMENE-PENFAO
699,5671581,567158100014,RUE+ALBERT THOMAS,44600,SAINT-NAZAIRE
700,5671722,567172200014,RTE+DE SAINT NAZAIRE,44160,BESNE
701,5671763,567176300018,LD+LA JAUNAIS,44170,MARSAC-SUR-DON
702,5671839,567183900024,40.0+BD+WINSTON CHURCHILL,44100,NANTES
703,5671847,567184700019,RUE+JEAN MACE,44600,SAINT-NAZAIRE
704,5671870,567187000011,17.0+FG+ST MICHEL,44350,GUERANDE
705,5671904,567190400026,RTE+DE MISSILLAC,44530,SAINT-GILDAS-DES-BOIS
706,5671953,567195300015,LD+N D DE GRACE,44530,GUENROUET
707,5672068,567206800011,2.0+RUE+JULES VERNE,44600,SAINT-NAZAIRE
708,5672175,567217500014,2.0+RUE+DE SAINT CYR,44410,HERBIGNAC
709,5672324,567232400018,36.0+AV+DE LA PAIX,44480,DONGES
710,5672340,567234000014,LD+LE DRESNY,44630,PLESSE
711,5672472,567247200015,RUE+JEAN JAURES,44550,MONTOIR-DE-BRETAGNE
712,5672605,567260500010,RUE+RENE LAENNEC,44480,DONGES
713,5672613,567261300014,LD+LE BOURG,44290,PIERRIC
714,5672621,567262100017,CHAMP CROULARD,44360,SAINT-ETIENNE-DE-MONTLUC
715,5672696,567269600019,BOURG,44360,CORDEMAIS
716,5672779,567277900013,PL+DE L EGLISE,44130,FAY-DE-BRETAGNE
717,5672886,567288600024,18.0+AV+DE LA REPUBLIQUE,44600,SAINT-NAZAIRE
718,5672910,567291000014,AV+DE LA REPUBLIQUE,44600,SAINT-NAZAIRE
719,5673033,567303300022,104.0+CHE+DE PORCE,44600,SAINT-NAZAIRE
720,5673157,567315700011,Q SAINT PIERRE,44420,LA TURBALLE
721,5673165,567316500014,QUAI+SAINT PIERRE,44420,LA TURBALLE
722,5673173,567317300018,44.0+RUE+JEAN JAURES,44600,SAINT-NAZAIRE
723,5673207,567320700014,LD+LE GRAND MOMESSON,44130,BOUVRON
724,5673231,567323100014,Q SAINT PIERRE,44420,LA TURBALLE
725,5673280,567328000011,5.0+RUE+DE NANTES,44360,LE TEMPLE-DE-BRETAGNE
726,5673314,567331400018,RUE+DU MAINE,44600,SAINT-NAZAIRE
727,5673322,567332200011,Q SAINT PIERRE,44420,LA TURBALLE
728,5673348,567334800016,66.0+AV+DU GENERAL DE GAULLE,44500,LA BAULE-ESCOUBLAC
729,5673405,567340500014,PL+DE L EGLISE,44630,PLESSE
730,5673439,567343900013,BD+VICTOR HUGO,44600,SAINT-NAZAIRE
731,5673611,567361100025,1.0+RUE+DU REQUIERT,44490,LE CROISIC
732,5673678,567367800016,,44460,SAINT-NICOLAS-DE-REDON
733,5673710,567371000017,230.0+AV+MAL DE LATTRE DE TASSIGNY,44500,LA BAULE-ESCOUBLAC
734,5673751,567375100011,PL+DES QUATRE Z HORLOGES,44600,SAINT-NAZAIRE
735,5673801,567380100014,RUE+DE PORNICHET,44600,SAINT-NAZAIRE
736,5673884,567388400010,AV+HENRI BERTHO RN771,44500,LA BAULE-ESCOUBLAC
737,5673892,567389200013,19.0+PL+DINAN,44490,LE CROISIC
738,5673926,567392600027,29.0+AV+DE LA REPUBLIQUE,44600,SAINT-NAZAIRE
739,5673983,567398300010,7.0+RUE+DU GENERAL LECLERC,44510,LE POULIGUEN
740,5673991,567399100013,RUE+DE LA PAIX ET DES ARTS,44600,SAINT-NAZAIRE
741,5674031,567403100025,LD+KERCABELLEC,44420,MESQUER
742,5674064,567406400018,41.0+LD+LA TOUCHE BASSE,44260,LA CHAPELLE-LAUNAY
743,5674080,567408000014,RUE+DE TRIGNAC,44600,SAINT-NAZAIRE
744,5674130,567413000017,LD+LE DRESNY,44630,PLESSE
745,5674163,567416300018,LD+LE DRESNY,44630,PLESSE
746,5674254,567425400015,RUE+DE LA GARE,44530,SAINT-GILDAS-DES-BOIS
747,5674270,567427000045,7.0+RUE+DE BORDEAUX,44130,BOUVRON
748,5674320,567432000014,BD+EMILE ZOLA,44600,SAINT-NAZAIRE
749,5674338,567433800016,54.0+RUE+JEAN MACE,44600,SAINT-NAZAIRE
750,5674346,567434600019,LD+SAINT ARMEL,44460,FEGREAC
751,5674411,567441100011,57.0+BD+VICTOR HUGO,44600,SAINT-NAZAIRE
752,5674478,567447800010,6.0+RUE+DU BOIS,44510,LE POULIGUEN
753,5674502,567450200017,35.0+RUE+JEAN 23,44740,BATZ-SUR-MER
754,5674569,567456900016,RUE+DU GOLF,44740,BATZ-SUR-MER
755,5674593,567459300016,16.0+RUE+GRANDE RUE,44740,BATZ-SUR-MER
756,5674726,567472600012,53.0+AV+DE LA REPUBLIQUE,44600,SAINT-NAZAIRE
757,5674817,567481700019,AV+MONCHICOURT,44500,LA BAULE-ESCOUBLAC
758,5674825,567482500012,65.0+AV+DE LA REPUBLIQUE,44600,SAINT-NAZAIRE
759,5674841,567484100019,16.0+RUE+DES CHANTIERS,44600,SAINT-NAZAIRE
760,5674924,567492400021,9.0+RUE+DE L ISAU,44600,SAINT-NAZAIRE
761,5674965,567496500016,LD+SACRE COEUR,44410,LA CHAPELLE-DES-MARAIS
762,5675053,567505300010,RUE+DE CARDURAND,44600,SAINT-NAZAIRE
763,5675095,567509500011,117.0+AV+DE LA REPUBLIQUE,44600,SAINT-NAZAIRE
764,5675111,567511100024,43.0+AV+DU MAL FRANCHET D ESPEREY,44500,LA BAULE-ESCOUBLAC
765,5675210,567521000016,PL+DE L EGLISE,44750,CAMPBON
766,5675228,567522800018,PL+DE L EGLISE,44750,CAMPBON
767,5675343,567534300015,,44410,SAINT-LYPHARD
768,5675350,567535000010,LD+LE RODOIR ARGENTAN,44410,HERBIGNAC
769,5675384,567538400019,AV+DU GENERAL DE GAULLE,44500,LA BAULE-ESCOUBLAC
770,5675400,567540000013,25.0+AV+DE LA REPUBLIQUE,44600,SAINT-NAZAIRE
771,5675459,567545900019,7.0+RUE+NANTAISE,44160,PONTCHATEAU
772,5675483,567548300019,AV+PIERRE LOTI,44500,LA BAULE-ESCOUBLAC
773,5675624,567562400018,RUE+JEAN JAURES,44600,SAINT-NAZAIRE
774,5675715,567571500014,RTE+DE PLESSE,44460,AVESSAC
775,5675822,567582200018,PL+DE LA GARE,44480,DONGES
776,5675855,567585500018,5.0+RUE+STE CATHERINE,44160,PONTCHATEAU
777,5675863,567586300012,5.0+RUE+STE CATHERINE,44160,PONTCHATEAU
778,5675871,567587100015,5.0+RUE+STE CATHERINE,44160,PONTCHATEAU
779,5675897,567589700010,5.0+RUE+STE CATHERINE,44160,PONTCHATEAU
780,5675921,567592100026,6.0+RUE+FRANCOIS D ORVAULT,44360,SAINT-ETIENNE-DE-MONTLUC
781,5675947,567594700013,RUE+DE TRIGNAC,44600,SAINT-NAZAIRE
782,5675996,567599600010,94.0+AV+DU GENERAL DE GAULLE,44600,SAINT-NAZAIRE
783,5676002,567600200016,LD+TABAGO,44460,SAINT-NICOLAS-DE-REDON
784,5676010,567601000019,AV+DE L HALLALI,44500,LA BAULE-ESCOUBLAC
785,5676093,567609300015,89.0+RUE+JEAN JAURES,44600,SAINT-NAZAIRE
786,5676101,567610100016,BD+DE VILLENEUVE,44160,PONTCHATEAU
787,5676119,567611900018,AV+DES IBIS,44500,LA BAULE-ESCOUBLAC
788,5676168,567616800015,59.0+RUE+DE FEDRUN,44720,SAINT-JOACHIM
789,5676234,567623400015,AV+HENRI BERTHO RN771,44500,LA BAULE-ESCOUBLAC
790,5676259,567625900012,LE GRAVIER,44130,BLAIN
791,5676333,567633300031,BERRIEN,44600,SAINT-NAZAIRE
792,5676358,567635800012,BOURG,44460,AVESSAC
793,5676432,567643200015,31.0+PONT BRIEN,44600,SAINT-NAZAIRE
794,5676473,567647300019,47.0+B+AV+DU GENERAL DE GAULLE,44380,PORNICHET
795,5680061,568006100016,RUE+HENRI GAUTIER,44600,SAINT-NAZAIRE
796,5680087,568008700011,AV+DU GENERAL DE GAULLE,44500,LA BAULE-ESCOUBLAC
797,5680111,568011100019,AV+DES ORMES,44500,LA BAULE-ESCOUBLAC
798,5680145,568014500017,73.0+RUE+HENRI GAUTIER,44550,MONTOIR-DE-BRETAGNE
799,5680152,568015200013,RUE+DU CDT GUSTAVE GATE,44600,SAINT-NAZAIRE
800,5680236,568023600014,10.0+AV+DE LA REPUBLIQUE,44600,SAINT-NAZAIRE
801,5680244,568024400018,2.0+AV+PIERRE LOTI,44500,LA BAULE-ESCOUBLAC
802,5680335,568033500014,33.0+RUE+JEAN JAURES,44550,MONTOIR-DE-BRETAGNE
803,5680376,568037600026,RUE+DE LA LANDE,44350,GUERANDE
804,5680376,568037600034,AV+LION,83210,SOLLIES-PONT
805,5680384,568038400012,9.0+PL+D AIGUILLON,44490,LE CROISIC
806,5680392,568039200015,RUE+DE TRIGNAC,44600,SAINT-NAZAIRE
807,5680400,568040000024,7.0+AV+VILLES BABIN,44380,PORNICHET
808,5680467,568046700023,32.0+RUE+FABERT,75007,PARIS 7
809,5680491,568049100023,10.0+AV+DE PAVIE,44500,LA BAULE-ESCOUBLAC
810,5680509,568050900014,RUE+ALEXANDRE OLIVIER,44220,COUERON
811,5680541,568054100025,LA LANDE,44350,GUERANDE
812,5680541,568054100033,9.0+RUE+DU CHENE LASSE,44800,SAINT-HERBLAIN
813,5680566,568056600014,LD+LA DIGUE,44460,SAINT-NICOLAS-DE-REDON
814,5680582,568058200011,14.0+RUE+DES PORTEAUX,44290,GUEMENE-PENFAO
815,5680624,568062400029,49.0+BD+DE LA LIBERATION,44600,SAINT-NAZAIRE
816,5680632,568063200022,AV+EMILE OUTTIER,44380,PORNICHET
817,5710058,571005800016,162.0+CHS+MARCADE,80100,ABBEVILLE
818,5710066,571006600027,56.0+RUE+JEAN JAURES,80580,PONT-REMY
819,5710082,571008200016,20.0+RUE+PASTEUR,80550,LE CROTOY
820,5710256,571025600016,154.0+RTE+DE PARIS,80100,ABBEVILLE
821,5710264,571026400010,RUE+VICTOR HUGO,80210,FEUQUIERES-EN-VIMEU
822,5710306,571030600019,,80220,BUIGNY-LES-GAMACHES
823,5710314,571031400013,RUE+D HOCQQUELUS AIGNEVILLE,80210,AIGNEVILLE
824,5710348,571034800011,,80510,LONGPRE-LES-CORPS-SAINTS
825,5710371,571037100013,23.0+RUE+DU PONT DE LA VILLE,80132,CAOURS
826,5710405,571040500019,RUE+DE GOVES,80150,GUESCHART
827,5710439,571043900018,RUE+DU BORDELET,80150,CRECY-EN-PONTHIEU
828,5710520,571052000015,CITE+LECLERC,80510,LONGPRE-LES-CORPS-SAINTS
829,5710538,571053800017,24.0+RUE+BOUCHER DE PERTHES,80100,ABBEVILLE
830,5710595,571059500017,RUE+DE TOURS,80210,CHEPY
831,5710660,571066000019,RTE+NATIONALE,80220,BOUVAINCOURT-SUR-BRESLE
832,5710694,571069400018,4.0+RUE+PASTEUR,80210,FEUQUIERES-EN-VIMEU
833,5710736,571073600017,185.0+CHS+MARCADE,80100,ABBEVILLE
834,5710744,571074400011,HAM+MONCHAUX,80120,QUEND
835,5710793,571079300018,GRANDE RUE,80140,RAMBURES
836,5710843,571084300011,2.0+RUE+JULES FERRY,80570,DARGNIES
837,5710967,571096700018,,80690,GORENFLOS
838,5711106,571110600012,,80970,SAILLY-FLIBEAUCOURT
839,5711155,571115500019,,80770,BEAUCHAMPS
840,5711197,571119700011,31.0+AV+ARISTIDE BRIAND,80100,ABBEVILLE
841,5711221,571122100019,4.0+RUE+DE LA PORTE DU PONT,80550,LE CROTOY
842,5711379,571137900015,11.0+RUE+PAUL BOS,80550,LE CROTOY
843,5711445,571144500014,8.0+RUE+MARECHAL FOCH,80100,ABBEVILLE
844,5711551,571155100019,93.0+PL+DE L'EGLISE,80210,CHEPY
845,5711585,571158500017,PL+MAX LEJEUNE,80100,ABBEVILLE
846,5711684,571168400018,RUE+TILLOY,80220,MAISNIERES
847,5711726,571172600017,,80132,CAHON
848,5711742,571174200014,CHS+MARCADE,80100,ABBEVILLE
849,5711759,571175900018,134.0+RUE+DE MENCHECOURT,80100,ABBEVILLE
850,5711767,571176700011,AV+DE LA PLAGE,80120,FORT-MAHON-PLAGE
851,5711833,571183300011,,80270,WIRY-AU-MONT
852,5711874,571187400015,54.0+RUE+DE L ISLE,80100,ABBEVILLE
853,5711882,571188200018,9.0+RUE+BOUCHER DE PERTHES,80100,ABBEVILLE
854,5712062,571206200016,8.0+RUE+DES FUSILLES,80150,CRECY-EN-PONTHIEU
855,5712211,571221100019,,80120,FORT-MAHON-PLAGE
856,5712252,571225200013,16.0+RTE+NATIONALE,80132,LE TITRE
857,5712260,571226000016,29.0+RUE+SAINT DENIS,80490,HALLENCOURT
858,5712633,571263300014,,80140,LE TRANSLAY
859,5712658,571265800029,61.0+RUE+DE LA REPUBLIQUE,80490,HALLENCOURT
860,5712732,571273200014,RUE+GRANDE,80220,GAMACHES
861,5712880,571288000011,HAM+DE WADICOURT,80150,DOMPIERRE-SUR-AUTHIE
862,5712898,571289800013,RUE+DU MARECHAL FOCH,80860,NOYELLES-SUR-MER
863,5713052,571305200024,RUE+PAUL BIGNON,76260,EU
864,5713060,571306000019,,80220,BUIGNY-LES-GAMACHES
865,5713078,571307800011,,80220,BUIGNY-LES-GAMACHES
866,5713128,571312800014,61.0+RUE+DE LA PORTE DU PONT,80550,LE CROTOY
867,5713185,571318500014,,80120,QUEND
868,5713235,571323500017,,80120,VILLERS-SUR-AUTHIE
869,5713276,571327600011,,80150,DOMPIERRE-SUR-AUTHIE
870,5713466,571346600018,13.0+CHS+DU BOIS,80100,ABBEVILLE
871,5713508,571350800017,PL+MAX LEJEUNE,80100,ABBEVILLE
872,5713532,571353200017,RUE+PRINCIPALE,80150,LAMOTTE-BULEUX
873,5713557,571355700014,30.0+RUE+MARECHAL FOCH,80100,ABBEVILLE
874,5713573,571357300011,RUE+DE LA GARE,80270,ALLERY
875,5713722,571372200014,PL+MAX LEJEUNE,80100,ABBEVILLE
876,5713797,571379700016,,80132,CAOURS
877,5713854,571385400015,RUE+DES SAINTES MARIES,80100,ABBEVILLE
878,5713904,571390400018,RUE+DE MALADRERIE,80150,YVRENCH
879,5714050,571405000019,,80150,ESTREES-LES-CRECY
880,5714142,571414200014,RUE+D HULEUX,80132,BUIGNY L'ABBE
881,5714167,571416700011,,80580,LIERCOURT
882,5714191,571419100011,AV+DE LA PLAGE,80120,FORT-MAHON-PLAGE
883,5714209,571420900011,706.0+RUE+DE QUEND,80120,FORT-MAHON-PLAGE
884,5714217,571421700014,HAM+MONCHAUX,80120,QUEND
885,5714233,571423300011,PETIT CHEMIN,80120,ARGOULES
886,5714241,571424100022,2.0+RESIDENCE DES ETANGS,80132,MAREUIL-CAUBERT
887,5714290,571429000011,RUE+DE LA MAIRIE,80120,FORT-MAHON-PLAGE
888,5714423,571442300018,,80150,GUESCHART
889,5720057,572005700016,BD+DE LA REPUBLIQUE,80100,ABBEVILLE
890,5720065,572006500019,15.0+RUE+SAINT VULFRAN,80100,ABBEVILLE
891,5720073,572007300013,,80370,DOMLEGER-LONGVILLERS
892,5720099,572009900018,3.0+AV+DE LA CHAPELLE,80100,ABBEVILLE
893,5720164,572016400028,236.0+RTE+D AMIENS,80100,ABBEVILLE
894,5720180,572018000016,54.0+RUE+DE L ISLE,80100,ABBEVILLE
895,5720206,572020600019,340.0+CHS+DES CHASSE MAREES,80210,FEUQUIERES-EN-VIMEU
896,5720222,572022200016,RTE+DE DOULLENS,80100,ABBEVILLE
897,5720222,572022200024,13.0+BD+DES PRES,80100,ABBEVILLE
898,5720230,572023000019,,80270,ALLERY
899,5720255,572025500016,RUE+DE LA PLAGE,80550,LE CROTOY
900,5720271,572027100013,AV+DE LA PLAGE,80120,FORT-MAHON-PLAGE
901,5720313,572031300013,,80120,SAINT-QUENTIN-EN-TOURMONT
902,5720313,572031300021,9.0+RUE+DU BOUT D'AMONT,80120,SAINT-QUENTIN-EN-TOURMONT
903,5720313,572031300039,6.0+RUE+DU BOUT D'AMONT,80120,SAINT-QUENTIN-EN-TOURMONT
904,5720354,572035400017,RUE+ARISTIDE BRIAND,80210,FEUQUIERES-EN-VIMEU
905,5720362,572036200010,22.0+CHE+DE CRAVAILLEUX,30126,TAVEL
906,5720362,572036200044,8.0+PL+CLEMENCEAU,80100,ABBEVILLE
907,5720362,572036200051,22.0+CHE+DE CRAVAILLEUX,30126,TAVEL
908,5720388,572038800015,CHS+DE ROUVROY,80100,ABBEVILLE
909,5720412,572041200021,84.0+RUE+DU CAPITAINE GUY DATH,80550,LE CROTOY
910,5720537,572053700017,56.0+BD+DE LA PORTELETTE,80100,ABBEVILLE
911,5720537,572053700025,RUE+VENTOSE,80100,ABBEVILLE
912,5720552,572055200016,CHE+DE NESLETTE,80220,BOUTTENCOURT
913,5720552,572055200024,,76340,BLANGY-SUR-BRESLE
914,5720552,572055200032,VALLEE MAZIN,80220,BOUTTENCOURT
915,5720586,572058600014,10.0+AV+VASSEUR,80120,QUEND
916,5720594,572059400026,78.0+BD+VAUBAN,80100,ABBEVILLE
917,5720594,572059400034,92.0+BD+VAUBAN,80100,ABBEVILLE
918,5720602,572060200019,44.0+RTE+DE DRUCAT,80100,ABBEVILLE
919,5720602,572060200027,3.0+RUE+PAUL CEZANNE,75008,PARIS 8
920,5720602,572060200035,204.0+RPT+DU PONT DE SEVRES,92100,BOULOGNE-BILLANCOURT
921,5720602,572060200043,14.0+RUE+MARC BLOCH,92110,CLICHY
922,5720610,572061000012,44.0+PL+DE LA LIBERATION,80100,ABBEVILLE
923,5720636,572063600025,500.0+RUE+DE PARIS,80000,AMIENS
924,5720644,572064400011,4.0+PL+DU GAL LECLERC,80120,RUE
925,5720651,572065100032,RUE+DU PDT ROBERT SCHUMAN,80100,ABBEVILLE
926,5720651,572065100040,10.0+RUE+GENERAL PLESSIER,69002,LYON 2EME
927,5720685,572068500014,26.0+RUE+DES PRES,80132,CAOURS
928,5720701,572070100019,294.0+RTE+DE ROUEN,80100,ABBEVILLE
929,5720727,572072700014,,80220,GAMACHES
930,5720750,572075000016,84.0+CHS+MARCADE,80100,ABBEVILLE
931,5720784,572078400015,24.0+RUE+JULES GUESDE,80210,FEUQUIERES-EN-VIMEU
932,5720784,572078400031,ZONE INDUSTRIELLE,80210,FEUQUIERES-EN-VIMEU
933,5720784,572078400049,RUE+DU CHEVALIER DE LA BARRE,80210,FEUQUIERES-EN-VIMEU
934,5720784,572078400056,79.0+B+AV+DU GENERAL LECLERC,93500,PANTIN
935,5720784,572078400064,97.0+RUE+DU CHATEAU D EAU,80100,ABBEVILLE
936,5720784,572078400072,15.0+AV+DE LONDRES,13127,VITROLLES
937,5720784,572078400080,2.0+RUE+DE LA CAVEE DE VAUCHELLES,80100,ABBEVILLE
938,5720784,572078400098,7.0+B+RUE+DES SARCELLES,80100,ABBEVILLE
939,5720784,572078400106,52.0+RUE+HENRI BARBUSSE,80210,FEUQUIERES-EN-VIMEU
940,5720784,572078400114,15.0+RUE+SIBUET,75012,PARIS 12
941,5720784,572078400122,25.0+GRANDE RUE,80130,BETHENCOURT-SUR-MER
942,5720784,572078400130,73.0+RUE+HENRI FARMAN,93290,TREMBLAY-EN-FRANCE
943,5720784,572078400148,1.0+IMP+NICEPHORE NIEPCE,93290,TREMBLAY-EN-FRANCE
944,5720784,572078400155,7.0+RUE+DES SARCELLES,80100,ABBEVILLE
945,5720784,572078400163,13.0+RUE+DES INDUSTRIES,77460,SOUPPES-SUR-LOING
946,5720826,572082600014,RUE+SAINT GILLES,80100,ABBEVILLE
947,5720834,572083400018,RUE+DE LA TANNERIE,80100,ABBEVILLE
948,5740022,574002200016,2.0+RUE+JEU DE PAUME,4000,DIGNE-LES-BAINS
949,5740063,574006300010,246.0+AV+PAUL ARENE,4200,SISTERON
950,5740071,574007100013,QUAI+DU PLAN,4320,ENTREVAUX
951,5740253,574025300017,,4400,UVERNET-FOURS
952,5740311,574031100021,19.0+BD+DES TILLEULS,4190,LES MEES
953,5740345,574034500011,,4240,BRAUX
954,5740444,574044400012,12.0+RUE+GRENETTE,4400,BARCELONNETTE
955,5740451,574045100017,RUE+DE L HUBAC,4000,DIGNE-LES-BAINS
956,5740477,574047700012,,4200,NOYERS-SUR-JABRON
957,5740501,574050100027,LA VILLE,4260,ALLOS
958,5740501,574050100043,CHATEAU GARNIER,4170,THORAME-BASSE
959,5740543,574054300011,,4330,BARREME
960,5740568,574056800034,79.0+BD+GASSENDI,4000,DIGNE-LES-BAINS
961,5740576,574057600011,41.0+RUE+DE L HUBAC,4000,DIGNE-LES-BAINS
962,5740584,574058400015,,4530,LARCHE
963,5740626,574062600014,,4330,CHAUDON-NORANTE
964,5740659,574065900015,,4530,LA CONDAMINE-CHATELARD
965,5740857,574085700023,LOT LE THOR,4700,LA BRILLANNE
966,5740865,574086500018,,4380,THOARD
967,5740956,574095600015,,4240,ANNOT
968,5740972,574097200020,25.0+BD+VICTOR HUGO,4000,DIGNE-LES-BAINS
969,5740972,574097200038,SAINT CHRISTOPHE,4000,DIGNE-LES-BAINS
970,5740980,574098000023,LES ARCHES,4000,DIGNE-LES-BAINS
971,5741012,574101200016,,4160,L'ESCALE
972,5741103,574110300013,LE THEY,4000,DIGNE-LES-BAINS
973,5741137,574113700011,,4500,RIEZ
974,5741343,574134300015,LD+LES CHENES,4200,SISTERON
975,5741400,574140000013,14.0+RUE+PIED DE LA VILLE,4000,DIGNE-LES-BAINS
976,5741509,574150900011,LA BEGUDE,4270,BRAS D'ASSE
977,5741517,574151700014,,4210,BRUNET
978,5741525,574152500017,RUE+ELIE JULIEN,4700,ORAISON
979,5741533,574153300011,ALL+ARTHUR GOUIN,4700,ORAISON
980,5741541,574154100014,,4530,SAINT-PAUL-SUR-UBAYE
981,5741541,574154100022,BRIANCON,4850,JAUSIERS
982,5741566,574156600011,QUAI+POMPIERY,4140,SEYNE
983,5741749,574174900013,PL+DE L HORLOGE,4200,SISTERON
984,5741814,574181400015,,4120,ROUGON
985,5741830,574183000011,8.0+AV+DE SAINT VERAN,4000,DIGNE-LES-BAINS
986,5741897,574189700010,,4530,LA CONDAMINE-CHATELARD
987,5741921,574192100018,PL+DES RECOLLETS,4000,DIGNE-LES-BAINS
988,5741954,574195400019,,4200,SISTERON
989,5741962,574196200012,GRAND RUE,4800,GREOUX-LES-BAINS
990,5741970,574197000015,,4380,THOARD
991,5741988,574198800017,35.0+RUE+MANUEL,4400,BARCELONNETTE
992,5741996,574199600010,,4200,VAUMEILH
993,5742028,574202800011,AV+CALENDAL,4160,CHATEAU-ARNOUX-SAINT-AUBAN
994,5742028,574202800029,PINCHINIERES,4290,VOLONNE
995,5742036,574203600014,LD+BEAULIEU,4200,SISTERON
996,5742093,574209300015,RUE+MERCERIE,4200,SISTERON
997,5742101,574210100016,,4340,LE LAUZET-UBAYE
998,5742176,574217600018,PL+DE LA POTERNE,4200,SISTERON
