siren,siret,adresse,postcode,city
325175,32517500016,  ,98770,MANIHI
325175,32517500024,1  PL,84140,AVIGNON
325175,32517500032,6  AV,84000,AVIGNON
325175,32517500040,170  AV,13420,GEMENOS
325175,32517500057,61  RUE,13004,MARSEILLE 4
325175,32517500065,51  RUE,13004,MARSEILLE 4
1807254,180725400014,15  RUE,54200,TOUL
1807254,180725400022,31  RUE,02100,SAINT-QUENTIN
5410220,541022000015,  RUE,80210,TOURS-EN-VIMEU
5410345,541034500010,  RTE,80100,ABBEVILLE
5410394,541039400018,  CHE,80120,ARGOULES
5410428,541042800014,68  CHS,80100,ABBEVILLE
5410436,541043600017,  CHS,80100,ABBEVILLE
5410485,541048500014,177  RUE,80220,GAMACHES
5410493,541049300018,  HAM,80210,TOURS-EN-VIMEU
5410501,541050100018,  RUE,80150,VIRONCHAUX
5410519,541051900010,10  RUE,80550,LE CROTOY
5410527,541052700013,84  RUE,80100,ABBEVILLE
5410543,541054300010,  RTE,80860,NOUVION
5410642,541064200010,1  RUE,80220,GAMACHES
5410667,541066700017,  ,80132,MAREUIL-CAUBERT
5410675,541067500010,  ,80270,ALLERY
5410717,541071700010,27  RUE,80135,SAINT-RIQUIER
5410733,541073300017,17  ,80100,ABBEVILLE
5410741,541074100010,  AV,80120,QUEND
5410758,541075800014,  CHS,80100,ABBEVILLE
5410816,541081600010,3  RUE,80370,HIERMONT
5410857,541085700014,37  RUE,80100,ABBEVILLE
5410873,541087300029,9  RUE,80220,GAMACHES
5410899,541089900024,21  BD,80100,ABBEVILLE
5410949,541094900019,35  PL,80100,ABBEVILLE
5410980,541098000014,  ,80132,MIANNAY
5411053,541105300019,  RUE,80870,MOYENNEVILLE
5411236,541123600010,  RUE,80220,MAISNIERES
5411343,541134300014,  RUE,80150,CRECY-EN-PONTHIEU
5411434,541143400011,  ,80120,FAVIERES
5411483,541148300018,  ,80150,CRECY-EN-PONTHIEU
5411582,541158200017,47  CHS,80100,ABBEVILLE
5411699,541169900019,  ,80150,CRECY-EN-PONTHIEU
5411806,541180600010,  RUE,80100,ABBEVILLE
5411954,541195400018,  RUE,80550,LE CROTOY
5411962,541196200011,  ,80150,DOMVAST
5411996,541199600019,10  AV,80100,ABBEVILLE
5420013,542001300012,264  CHS,80100,ABBEVILLE
5420021,542002100015,17  RUE,80100,ABBEVILLE
5420021,542002100023,  RUE,76630,ENVERMEU
5420021,542002100031,134  RUE,80130,FRIVILLE-ESCARBOTIN
5420021,542002100049,52  RUE,80100,ABBEVILLE
5420021,542002100056,21 B BD,80100,ABBEVILLE
5420039,542003900017,3  PL,80100,ABBEVILLE
5420047,542004700010,114  CHS,80100,ABBEVILLE
5420047,542004700028,2  ,80100,ABBEVILLE
5420054,542005400024,54  RUE,80970,SAILLY-FLIBEAUCOURT
5420070,542007000020,2  ,80100,ABBEVILLE
5420088,542008800014,3  RUE,80100,ABBEVILLE
5420104,542010400019,13  PL,80100,ABBEVILLE
5420120,542012000015,  RUE,80120,RUE
5420120,542012000023,12  RTE,62180,RANG-DU-FLIERS
5420120,542012000031,  RTE,62140,MARCONNELLE
5420120,542012000049,  RUE,62180,CONCHIL-LE-TEMPLE
5420146,542014600010,  PL,80120,RUE
5420153,542015300016,  RUE,80100,ABBEVILLE
5420187,542018700014,  CHS,80100,ABBEVILLE
5420195,542019500033,  ,80140,RAMBURES
5420245,542024500010,2  BD,80100,ABBEVILLE
5420260,542026000019,  RUE,80570,DARGNIES
5420278,542027800011,  ,80270,ALLERY
5440011,544001100012,  AV,04000,DIGNE-LES-BAINS
5440078,544007800011,  ,04370,COLMARS
5440110,544011000038,  CRS,04600,CHATEAU-ARNOUX-SAINT-AUBAN
5440110,544011000053,13  BD,04000,DIGNE-LES-BAINS
5440110,544011000061,6  RUE,04000,DIGNE-LES-BAINS
5440136,544013600017,  ,04500,QUINSON
5440185,544018500014,  ,04250,TURRIERS
5440219,544021900011,  ,04210,VALENSOLE
5440235,544023500017,  ,04170,THORAME-BASSE
5440409,544040900018,  RUE,04200,SISTERON
5440508,544050800017,  RTE,04160,CHATEAU-ARNOUX-SAINT-AUBAN
5440557,544055700014,  PL,04000,DIGNE-LES-BAINS
5440565,544056500017,  PL,04200,SISTERON
5440649,544064900019,  RUE,04800,SAINT-MARTIN-DE-BROMES
5440672,544067200011,  ,04120,CASTELLANE
5440698,544069800016,  ,04370,COLMARS
5440722,544072200014,  ,04120,CASTELLANE
5440755,544075500014,  ,04190,LES MEES
5440789,544078900013,  ,04530,LA CONDAMINE-CHATELARD
5440797,544079700016,  ,04700,ORAISON
5440813,544081300029,  ,04250,LA MOTTE-DU-CAIRE
5440847,544084700019,  ,04140,VERDACHES
5440904,544090400018,  HAM,04200,MISON
5440938,544093800016,  ,04200,MISON
5440987,544098700013,  ,04500,MONTAGNAC-MONTPEZAT
5441027,544102700017,  RUE,04140,SEYNE
5441035,544103500010,18  RUE,04000,DIGNE-LES-BAINS
5441043,544104300014,5  BD,04000,DIGNE-LES-BAINS
5441068,544106800011,  RUE,04120,CASTELLANE
5441134,544113400011,42  RUE,04400,BARCELONNETTE
5441159,544115900018,  QUAI,04160,CHATEAU-ARNOUX-SAINT-AUBAN
5441191,544119100029,  ALL,04160,CHATEAU-ARNOUX-SAINT-AUBAN
5441233,544123300011,  ,04370,COLMARS
5441241,544124100014,  QUAI,04200,SISTERON
5441266,544126600011,  ,04270,ESTOUBLON
5441316,544131600014,  ,04240,ANNOT
5441357,544135700018,  ,04190,LES MEES
5441365,544136500011,4  PL,04000,DIGNE-LES-BAINS
5441373,544137300015,  ,04360,MOUSTIERS-SAINTE-MARIE
5441399,544139900010,  ,04170,LA MURE-ARGENS
5441407,544140700011,  RUE,04140,SEYNE
5441449,544144900013,  ,04800,GREOUX-LES-BAINS
5441548,544154800012,39  RUE,04000,DIGNE-LES-BAINS
5441589,544158900016,  PL,04700,ORAISON
5441597,544159700019,  BD,04000,DIGNE-LES-BAINS
5441613,544161300014,  ,04160,CHATEAU-ARNOUX-SAINT-AUBAN
5441621,544162100017,  ,04700,PUIMICHEL
5441662,544166200011,  PL,04210,VALENSOLE
5450010,545001000011,  ,04160,CHATEAU-ARNOUX-SAINT-AUBAN
5450051,545005100015,  QUAI,04000,DIGNE-LES-BAINS
5450093,545009300017,5  ALL,04500,RIEZ
5450093,545009300025,  QUAI,04500,RIEZ
5450093,545009300033,  AV,04800,GREOUX-LES-BAINS
5450093,545009300041,36  RUE,04800,GREOUX-LES-BAINS
5450093,545009300058,27  RUE,04800,GREOUX-LES-BAINS
5450101,545010100026,4  BD,13860,PEYROLLES-EN-PROVENCE
5450119,545011900010,63  BD,04000,DIGNE-LES-BAINS
5450119,545011900028,  ,04000,DIGNE-LES-BAINS
5450119,545011900036,3  BD,04000,DIGNE-LES-BAINS
5470018,547001800010,  AV,44500,LA BAULE-ESCOUBLAC
5470075,547007500010,13  RUE,44510,LE POULIGUEN
5470190,547019000017,  RUE,44490,LE CROISIC
5470208,547020800017,105  AV,44600,SAINT-NAZAIRE
5470430,547043000017,2  RUE,44570,TRIGNAC
5470455,547045500014,  LD,44500,LA BAULE-ESCOUBLAC
5470489,547048900013,  LD,44480,DONGES
5470620,547062000013,17  RUE,44600,SAINT-NAZAIRE
5470653,547065300014,23  BD,44600,SAINT-NAZAIRE
5470927,547092700020,  AV,44300,NANTES
5470943,547094300019,  ,44130,BLAIN
5470984,547098400013,  AV,44600,SAINT-NAZAIRE
5471065,547106500010,1  PL,44410,HERBIGNAC
5471115,547111500013,45  RUE,44600,SAINT-NAZAIRE
5471214,547121400014,8  PL,44260,SAVENAY
5471420,547142000017,  BD,44600,SAINT-NAZAIRE
5471438,547143800019,  ,44160,PONTCHATEAU
5471495,547149500019,  RUE,44260,SAVENAY
5471578,547157800012,  PL,44130,LE GAVRE
5471594,547159400019,  PL,44530,GUENROUET
5471602,547160200010,  RUE,44600,SAINT-NAZAIRE
5471628,547162800015,22  RUE,44460,FEGREAC
5471685,547168500015,  RTE,44160,PONTCHATEAU
5471743,547174300012,  AV,44600,SAINT-NAZAIRE
5471768,547176800019,  AV,44500,LA BAULE-ESCOUBLAC
5471784,547178400016,  RUE,44290,GUEMENE-PENFAO
5471800,547180000010,145  AV,44500,LA BAULE-ESCOUBLAC
5471800,547180000028,  RTE,44350,GUERANDE
5471842,547184200012,  PL,44130,BOUVRON
5471891,547189100019,  ,44500,LA BAULE-ESCOUBLAC
5471941,547194100012,  AV,44500,LA BAULE-ESCOUBLAC
5471958,547195800016,15  AV,44500,LA BAULE-ESCOUBLAC
5472014,547201400017,  RTE,44160,PONTCHATEAU
5472022,547202200028,  BD,44380,PORNICHET
5472063,547206300014,163 B ,44410,LA CHAPELLE-DES-MARAIS
5472238,547223800020,  ,44630,PLESSE
5472253,547225300011,276  AV,44500,LA BAULE-ESCOUBLAC
5472261,547226100014,  ,44380,PORNICHET
5472683,547268300019,  ,44530,SAINT-GILDAS-DES-BOIS
5472857,547285700019,  ,44160,SAINTE-ANNE-SUR-BRIVET
5472873,547287300016,  AV,44380,PORNICHET
5472980,547298000019,  ,44360,CORDEMAIS
5473020,547302000013,10  BD,44290,GUEMENE-PENFAO
5473152,547315200048,3  ALL,06270,VILLENEUVE-LOUBET
5473202,547320200017,2  PL,44220,COUERON
5473202,547320200025,5  RUE,44220,COUERON
5473244,547324400027,40 B AV,44380,PORNICHET
5473285,547328500012,29  RUE,44600,SAINT-NAZAIRE
5473327,547332700012,8  ,44490,LE CROISIC
5473418,547341800019,  LD,44460,FEGREAC
5473442,547344200019,  RTE,44600,SAINT-NAZAIRE
5473822,547382200038,  IMP,44260,SAVENAY
5473921,547392100012,88  AV,44600,SAINT-NAZAIRE
5473939,547393900014,  RUE,44490,LE CROISIC
5473988,547398800011,  ,44420,LA TURBALLE
5474200,547420000010,  AV,44410,HERBIGNAC
5474440,547444000012,31  BD,44360,SAINT-ETIENNE-DE-MONTLUC
5474481,547448100016,71  AV,44600,SAINT-NAZAIRE
5474507,547450700018,  ALL,44500,LA BAULE-ESCOUBLAC
5474564,547456400019,  BD,44220,COUERON
5474598,547459800017,8  AV,44380,PORNICHET
5474630,547463000018,32  AV,44600,SAINT-NAZAIRE
5474747,547474700010,  LD,44630,PLESSE
5474770,547477000012,  RUE,44600,SAINT-NAZAIRE
5474945,547494500010,  RTE,44530,GUENROUET
5474960,547496000019,86  RUE,44600,SAINT-NAZAIRE
5475215,547521500017,  LD,44630,PLESSE
5475314,547531400018,1  RUE,44510,LE POULIGUEN
5480066,548006600124,7  RTE,44100,NANTES
5480082,548008200014,  ,44600,SAINT-NAZAIRE
5480165,548016500017,  AV,44500,LA BAULE-ESCOUBLAC
5480231,548023100017,220  AV,44500,LA BAULE-ESCOUBLAC
5480256,548025600014,6  RUE,44740,BATZ-SUR-MER
5480546,548054600018,  ,44350,GUERANDE
5480546,548054600059,322  BD,33130,BEGLES
5480546,548054600067,  ,51210,MONTMIRAIL
5510037,551003700012,1  RUE,80510,LONG
5510060,551006000014,2  RTE,80210,TOURS-EN-VIMEU
5510086,551008600019,  ,80150,CANCHY
5510102,551010200014,142  CHS,80100,ABBEVILLE
5510326,551032600019,  ,80135,SAINT-RIQUIER
5510367,551036700013,  HAM,80490,BAILLEUL
5510490,551049000013,  ,80120,QUEND
5510508,551050800020,  RUE,80220,GAMACHES
5510532,551053200053,691  RUE,80000,AMIENS
5510623,551062300027,7  RUE,80510,LONG
5510631,551063100012,13  RUE,80210,FEUQUIERES-EN-VIMEU
5510722,551072200019,  ,80135,ONEUX
5510854,551085400010,  RUE,80100,ABBEVILLE
5511027,551102700012,15  RUE,80120,RUE
5511050,551105000014,8  RTE,80120,FORT-MAHON-PLAGE
5511100,551110000017,  CHS,80100,ABBEVILLE
5511142,551114200019,53  RUE,80210,FEUQUIERES-EN-VIMEU
5511167,551116700016,  ,80150,DOMPIERRE-SUR-AUTHIE
5511183,551118300021,41  RUE,80100,ABBEVILLE
5511225,551122500012,  RUE,80132,CAMBRON
5511357,551135700013,27  RUE,80100,ABBEVILLE
5511415,551141500019,11  RUE,80510,LONGPRE-LES-CORPS-SAINTS
5511449,551144900018,  RUE,80132,HAUTVILLERS-OUVILLE
5511456,551145600013,62  RUE,80220,GAMACHES
5511464,551146400017,259  RTE,80100,ABBEVILLE
5511472,551147200010,24  RUE,80100,ABBEVILLE
5511530,551153000015,8  RUE,80120,RUE
5511688,551168800011,33  RUE,80120,QUEND
5511738,551173800014,  RUE,80135,SAINT-RIQUIER
5511845,551184500017,10  RUE,80550,LE CROTOY
5511944,551194400018,  ,80570,DARGNIES
5512025,551202500015,  RUE,80100,ABBEVILLE
5512066,551206600019,3  RUE,80210,FEUQUIERES-EN-VIMEU
5512231,551223100019,  ,80150,LE BOISLE
5512363,551236300010,  ,80132,LE TITRE
5512447,551244700011,  RUE,80210,FEUQUIERES-EN-VIMEU
5512645,551264500010,  RUE,80140,HUPPY
5512678,551267800011,  PL,80550,LE CROTOY
5512686,551268600014,8  RUE,80550,LE CROTOY
5512710,551271000012,9  RTE,80135,SAINT-RIQUIER
5512728,551272800014,  RUE,80150,YVRENCHEUX
5515309,551530900010,  RUE,80120,QUEND
5520028,552002800019,  RUE,80570,DARGNIES
5520036,552003600012,220  RUE,80100,ABBEVILLE
5520077,552007700016,13  RUE,80210,FEUQUIERES-EN-VIMEU
5520119,552011900016,74  BD,80100,ABBEVILLE
5520119,552011900024,27  RUE,80100,ABBEVILLE
5520119,552011900032,  ,80870,MOYENNEVILLE
5520119,552011900040,  ,80490,BAILLEUL
5520119,552011900057,17  RUE,80100,ABBEVILLE
5520135,552013500012,253  RUE,80100,ABBEVILLE
5520135,552013500020,32  PL,59800,LILLE
5520135,552013500038,70  RUE,01220,DIVONNE-LES-BAINS
5520176,552017600016,50  RUE,80210,FEUQUIERES-EN-VIMEU
5520176,552017600032,  ,80210,CHEPY
5520200,552020000014,4  RUE,80220,GAMACHES
5520234,552023400021,  ,80210,FEUQUIERES-EN-VIMEU
5520242,552024200016,3  RUE,80510,LONGPRE-LES-CORPS-SAINTS
5520242,552024200032,55  BD,75001,PARIS 1
5520242,552024200040,88  RUE,93100,MONTREUIL
5520242,552024200057,14  RUE,93500,PANTIN
5520242,552024200065,14  RUE,93500,PANTIN
5520242,552024200073,1  AV,78190,TRAPPES
5520242,552024200081,4  RUE,80510,LONGPRE-LES-CORPS-SAINTS
5520259,552025900010,  CHS,80100,ABBEVILLE
5520309,552030900013,  RUE,80100,ABBEVILLE
5520325,552032500019,12  RUE,80570,DARGNIES
5520325,552032500027,36  AV,75018,PARIS 18
5520408,552040800047,52  RUE,75008,PARIS 8
5520408,552040800054,17  RUE,75008,PARIS 8
5520416,552041600016,60  QUAI,80100,ABBEVILLE
5520424,552042400010,  RUE,80100,ABBEVILLE
5520432,552043200013,58  RUE,80220,GAMACHES
5520440,552044000016,2  RUE,80100,ABBEVILLE
5520465,552046500039,  RUE,59100,ROUBAIX
5520507,552050700012,  ,80120,RUE
5540034,554003400013,  PL,04000,DIGNE-LES-BAINS
5540083,554008300010,  RUE,04500,RIEZ
5540091,554009100013,  AV,04200,SISTERON
5540125,554012500019,  PL,04160,CHATEAU-ARNOUX-SAINT-AUBAN
5540273,554027300025,7  PL,04330,BARREME
5540307,554030700013,  HAM,04400,ENCHASTRAYES
5540315,554031500016,44  BD,04000,DIGNE-LES-BAINS
5540349,554034900015,  RUE,04360,MOUSTIERS-SAINTE-MARIE
5540372,554037200017,2  PL,04200,SISTERON
5540380,554038000010,49  BD,04000,DIGNE-LES-BAINS
5540422,554042200010,9  ALL,04700,ORAISON
5540448,554044800015,  ,04350,MALIJAI
5540455,554045500010,  ,04350,MALIJAI
5540497,554049700012,47  RUE,04400,BARCELONNETTE
5540539,554053900029,  PL,04210,VALENSOLE
5540547,554054700014,  ,04120,CASTELLANE
5540554,554055400010,  RUE,04210,VALENSOLE
5540612,554061200016,  ,04200,SISTERON
5540646,554064600014,  PL,04120,CASTELLANE
5540661,554066100021,34  BD,04000,DIGNE-LES-BAINS
5540828,554082800018,6  PL,04200,SISTERON
5540836,554083600011,  ,04210,VALENSOLE
5540844,554084400015,  ,04500,QUINSON
5540869,554086900012,7  RUE,04200,SISTERON
5540885,554088500018,  PL,04700,ORAISON
5540901,554090100013,  ,04360,MOUSTIERS-SAINTE-MARIE
5540968,554096800012,7  RUE,04000,DIGNE-LES-BAINS
5540976,554097600015,  BD,04000,DIGNE-LES-BAINS
5541016,554101600019,  ,04000,DIGNE-LES-BAINS
5541032,554103200016,  ,04140,AUZET
5541040,554104000019,  ,04530,LA CONDAMINE-CHATELARD
5541065,554106500016,  ,04140,SEYNE
5541073,554107300010,  RTE,04600,CHATEAU-ARNOUX-SAINT-AUBAN
5541123,554112300013,  ,04170,THORAME-HAUTE
5541206,554120600016,  RUE,04320,ENTREVAUX
5541206,554120600024,  QUA,04320,ENTREVAUX
5541248,554124800018,  ,04250,LE CAIRE
5541255,554125500013,  ,04800,GREOUX-LES-BAINS
5541263,554126300017,  ,04370,BEAUVEZER
5541305,554130500016,  ,04340,MEOLANS-REVEL
5541347,554134700018,  ,04500,MONTAGNAC-MONTPEZAT
5541347,554134700026,  ,04500,RIEZ
5541362,554136200017,  ,04700,ORAISON
5541412,554141200010,2  ,04000,DIGNE-LES-BAINS
5541438,554143800023,  RUE,04000,DIGNE-LES-BAINS
5541495,554149500015,  ,04240,ANNOT
5541529,554152900011,  ,04170,SAINT-ANDRE-LES-ALPES
5541545,554154500017,  ,04360,MOUSTIERS-SAINTE-MARIE
5541552,554155200013,  ,04370,BEAUVEZER
5541552,554155200021,  ,04260,ALLOS
5541552,554155200039,  ,04260,ALLOS
5541560,554156000016,37  RUE,04400,BARCELONNETTE
5541610,554161000035,  RUE,04200,SISTERON
5541669,554166900015,  ,04000,DIGNE-LES-BAINS
5541677,554167700018,20  RUE,04400,BARCELONNETTE
5541685,554168500011,15  RUE,04000,DIGNE-LES-BAINS
5541701,554170100016,  ,04530,LA CONDAMINE-CHATELARD
5541735,554173500014,35  BD,04000,DIGNE-LES-BAINS
5541750,554175000013,  ,04370,COLMARS
5541776,554177600018,  ,04170,SAINT-ANDRE-LES-ALPES
5541842,554184200018,  RUE,04000,DIGNE-LES-BAINS
5541867,554186700023,  QUAI,83460,LES ARCS
5541909,554190900015,  BD,04190,LES MEES
5541982,554198200020,32  BD,04000,DIGNE-LES-BAINS
5542113,554211300013,  ,04400,ENCHASTRAYES
5542162,554216200010,  ,04340,MEOLANS-REVEL
5542212,554221200013,  QUAI,04400,ENCHASTRAYES
5542261,554226100010,  ,04340,SAINT VINCENT LES FORTS
5542345,554234500011,  RUE,04190,LES MEES
5542394,554239400019,1  PL,04000,DIGNE-LES-BAINS
5542410,554241000013,  RUE,04200,SISTERON
5550017,555001700015,  AV,04200,SISTERON
5550025,555002500018,34  ALL,04000,DIGNE-LES-BAINS
5550025,555002500026,  RUE,04000,DIGNE-LES-BAINS
5550058,555005800019,  QUA,04200,PEIPIN
5550058,555005800027,155  ALL,13290,AIX-EN-PROVENCE
5550066,555006600012,  QUAI,04200,SISTERON
5550082,555008200027,  ,04120,CASTELLANE
5550082,555008200035,519  AV,83300,DRAGUIGNAN
5550108,555010800012,  PL,04140,SEYNE
5550116,555011600023,  ,04400,UVERNET-FOURS
5550124,555012400019,  RTE,04600,CHATEAU-ARNOUX-SAINT-AUBAN
5550157,555015700019,  PL,04000,DIGNE-LES-BAINS
5550207,555020700012,  ,04000,DIGNE-LES-BAINS
5550231,555023100012,  ,04700,ORAISON
5550256,555025600019,  ,04210,VALENSOLE
5570122,557012200019,85  AV,44500,LA BAULE-ESCOUBLAC
5570296,557029600011,26  RUE,44600,SAINT-NAZAIRE
5570338,557033800011,  RUE,44130,BLAIN
5570361,557036100013,13  AV,44600,SAINT-NAZAIRE
5570387,557038700018,  RUE,44600,SAINT-NAZAIRE
5570445,557044500014,5  AV,44500,LA BAULE-ESCOUBLAC
5570452,557045200010,  RUE,44600,SAINT-NAZAIRE
5570569,557056900011,37  RUE,44290,GUEMENE-PENFAO
5570593,557059300011,  ,44750,CAMPBON
5570601,557060100012,  LD,44630,PLESSE
5570650,557065000027,31  BD,44600,SAINT-NAZAIRE
5570718,557071800014,  AV,44500,LA BAULE-ESCOUBLAC
5570783,557078300018,142  AV,44380,PORNICHET
5570882,557088200026,13  RUE,44740,BATZ-SUR-MER
5570916,557091600022,  AV,44600,SAINT-NAZAIRE
5570957,557095700018,  ,44750,CAMPBON
5571104,557110400016,  ,44350,GUERANDE
5571187,557118700011,1  RUE,44420,LA TURBALLE
5571195,557119500022,  RUE,44290,GUEMENE-PENFAO
5571344,557134400018,  CITE,44220,COUERON
5571385,557138500011,  AV,44500,LA BAULE-ESCOUBLAC
5571435,557143500014,  RUE,44480,DONGES
5571450,557145000013,27  RTE,44130,BLAIN
5571534,557153400014,  PL,44290,GUEMENE-PENFAO
5571559,557155900011,175  RUE,44600,SAINT-NAZAIRE
5571591,557159100014,  RUE,44600,SAINT-NAZAIRE
5571641,557164100017,  LD,44360,CORDEMAIS
5571674,557167400018,  ,44290,PIERRIC
5571682,557168200011,24  RUE,44260,SAVENAY
5571708,557170800014,2  RUE,44350,GUERANDE
5571716,557171600017,  PL,44290,GUEMENE-PENFAO
5571781,557178100011,98  AV,44600,SAINT-NAZAIRE
5571799,557179900013,  ,44360,VIGNEUX-DE-BRETAGNE
5571807,557180700014,1  AV,44480,DONGES
5571823,557182300011,  RUE,44130,BLAIN
5571831,557183100014,  ,44160,SAINTE-ANNE-SUR-BRIVET
5571880,557188000011,10  RUE,44510,LE POULIGUEN
5571930,557193000014,2  PL,44350,GUERANDE
5571955,557195500011,6  RUE,44160,PONTCHATEAU
5571971,557197100018,  LD,44350,GUERANDE
5572029,557202900014,11  RUE,44130,BOUVRON
5572037,557203700017,  RUE,44600,SAINT-NAZAIRE
5572086,557208600014,  LD,44460,FEGREAC
5572102,557210200019,4  ,44490,LE CROISIC
5572110,557211000012,15  AV,44500,LA BAULE-ESCOUBLAC
5572185,557218500014,  BD,44220,COUERON
5572193,557219300018,  RUE,44130,BLAIN
5572235,557223500017,2  RUE,44490,LE CROISIC
5572268,557226800018,  RUE,44600,SAINT-NAZAIRE
5572326,557232600014,19  RUE,44720,SAINT-JOACHIM
5572466,557246600026,[ND] [ND] [ND],[ND],LE CROISIC
5572490,557249000018,107  RTE,44160,PONTCHATEAU
5572607,557260700025,17  RUE,44720,SAINT-JOACHIM
5572615,557261500010,  LD,44480,DONGES
5572680,557268000014,  AV,44500,LA BAULE-ESCOUBLAC
5572706,557270600017,57  AV,44600,SAINT-NAZAIRE
5572714,557271400011,8  BD,44740,BATZ-SUR-MER
5572789,557278900013,  LD,44290,MASSERAC
5572920,557292000014,  AV,44380,PORNICHET
5573035,557303500010,  ,44350,GUERANDE
5573100,557310000012,  ,44160,PONTCHATEAU
5573183,557318300018,4  QUAI,44420,PIRIAC-SUR-MER
5573373,557337300015,23  BD,44600,SAINT-NAZAIRE
5573415,557341500014,1  RUE,44410,LA CHAPELLE-DES-MARAIS
5573522,557352200017,10  PL,44130,BLAIN
5573720,557372000017,  LD,44410,HERBIGNAC
5573761,557376100011,  AV,44380,PORNICHET
5573779,557377900013,  BD,44220,COUERON
5573811,557381100014,  LD,44380,PORNICHET
5573878,557387800013,  RUE,44350,GUERANDE
5573969,557396900010,  LD,44530,SEVERAC
5574017,557401700017,1  RUE,44570,TRIGNAC
5574025,557402500010,  ,44460,FEGREAC
5574058,557405800029,  ,44600,SAINT-NAZAIRE
5574132,557413200014,26  AV,44500,LA BAULE-ESCOUBLAC
5574173,557417300018,  RUE,44600,SAINT-NAZAIRE
5574249,557424900024,  PL,44480,DONGES
5574389,557438900010,  AV,44500,LA BAULE-ESCOUBLAC
5574405,557440500014,  AV,44500,LA BAULE-ESCOUBLAC
5574454,557445400012,  ,44160,PONTCHATEAU
5574488,557448800010,  RUE,44130,LE GAVRE
5574546,557454600015,  RUE,44600,SAINT-NAZAIRE
5574678,557467800016,10  RUE,44160,PONTCHATEAU
5574736,557473600012,  LD,44460,SAINT-NICOLAS-DE-REDON
5574793,557479300013,6  RUE,44600,SAINT-NAZAIRE
5574942,557494200016,  RUE,44350,GUERANDE
5574975,557497500016,  AV,44380,PORNICHET
5575170,557517000013,  LD,44410,ASSERAC
5575188,557518800015,  ,44130,BLAIN
5575246,557524600011,21  RUE,44260,SAVENAY
5575360,557536000010,  AV,44500,LA BAULE-ESCOUBLAC
5575386,557538600015,  BD,44600,SAINT-NAZAIRE
5575485,557548500015,  LD,44420,MESQUER
5575485,557548500023,  BD,44420,MESQUER
5575501,557550100019,59  RUE,44220,COUERON
5575535,557553500017,  RUE,44360,SAINT-ETIENNE-DE-MONTLUC
5575543,557554300011,  BD,44500,LA BAULE-ESCOUBLAC
5575741,557574100011,  ,44530,GUENROUET
5575832,557583200018,  AV,44600,SAINT-NAZAIRE
5575899,557589900017,  AV,44600,SAINT-NAZAIRE
5575907,557590700018,  ,44750,QUILLY
5576053,557605300010,11  RUE,44600,SAINT-NAZAIRE
5576145,557614500014,36  RUE,44600,SAINT-NAZAIRE
5576160,557616000013,36  AV,44600,SAINT-NAZAIRE
5576178,557617800015,  AV,44500,LA BAULE-ESCOUBLAC
5576186,557618600018,2  RUE,44160,PONTCHATEAU
5576194,557619400012,  ,44117,SAINT-ANDRE-DES-EAUX
5576210,557621000016,  RUE,44220,COUERON
5576236,557623600011,22  RUE,44480,DONGES
5576244,557624400015,  LD,44260,MALVILLE
5576319,557631900015,  AV,44600,SAINT-NAZAIRE
5576343,557634300015,  PL,44130,BLAIN
5576376,557637600015,24  ESP,44500,LA BAULE-ESCOUBLAC
5576699,557669900010,  AV,44600,SAINT-NAZAIRE
5576798,557679800010,78  RUE,44600,SAINT-NAZAIRE
5576814,557681400015,14  AV,44480,DONGES
5576889,557688900017,2  BD,44600,SAINT-NAZAIRE
5576913,557691300015,  PL,44220,COUERON
5576962,557696200012,19  RUE,44360,LE TEMPLE-DE-BRETAGNE
5577028,557702800011,  ,44130,FAY-DE-BRETAGNE
5577051,557705100021,14  BD,44380,PORNICHET
5577119,557711900018,  ,44550,MONTOIR-DE-BRETAGNE
5577143,557714300018,  AV,44500,LA BAULE-ESCOUBLAC
5577168,557716800015,61  AV,44600,SAINT-NAZAIRE
5577200,557720000016,108  RUE,44720,SAINT-JOACHIM
5577325,557732500029,32  RUE,44350,GUERANDE
5580055,558005500019,8  RUE,44510,LE POULIGUEN
5580071,558007100016,88  AV,44600,SAINT-NAZAIRE
5580113,558011300032,30  AV,44600,SAINT-NAZAIRE
5580113,558011300040,13  AV,44570,TRIGNAC
5580121,558012100019,101  QUAI,44600,SAINT-NAZAIRE
5580121,558012100035,2  RUE,29200,BREST
5580121,558012100043,  BD,76120,LE GRAND-QUEVILLY
5580121,558012100068,  RUE,76200,DIEPPE
5580121,558012100100,15  BD,75116,PARIS 16
5580121,558012100126,  RUE,76600,LE HAVRE
5580121,558012100134,  RTE,59140,DUNKERQUE
5580147,558014700030,  RUE,44600,SAINT-NAZAIRE
5580154,558015400036,10  RUE,44100,NANTES
5580204,558020400013,  ,44360,SAINT-ETIENNE-DE-MONTLUC
5580212,558021200016,32  AV,44600,SAINT-NAZAIRE
5580238,558023800011,  AV,44500,LA BAULE-ESCOUBLAC
5580261,558026100013,9  RUE,44160,PONTCHATEAU
5580295,558029500011,33  AV,44500,LA BAULE-ESCOUBLAC
5580329,558032900018,  AV,44600,SAINT-NAZAIRE
5580345,558034500022,40  BD,44380,PORNICHET
5580345,558034500030,10  RUE,44600,SAINT-NAZAIRE
5580436,558043600011,  BD,44600,SAINT-NAZAIRE
5580436,558043600052,94  BD,75116,PARIS 16
5580436,558043600060,  RUE,85640,MOUCHAMPS
5580469,558046900038,47  RUE,75007,PARIS 7
5580501,558050100012,  QUAI,44600,SAINT-NAZAIRE
5580501,558050100020,262  BD,75007,PARIS 7
5580501,558050100038,56  BD,49100,ANGERS
5580501,558050100046,93  BD,75008,PARIS 8
5580527,558052700017,  RTE,44160,PONTCHATEAU
5580600,558060000012,84  RUE,44600,SAINT-NAZAIRE
5580618,558061800022,  ,44350,GUERANDE
5580618,558061800030,52  RUE,44600,SAINT-NAZAIRE
5580642,558064200014,  ,44160,PONTCHATEAU
5580683,558068300018,3  AV,44500,LA BAULE-ESCOUBLAC
5580683,558068300026,139  RUE,92240,MALAKOFF
5580766,558076600011,  RUE,44600,SAINT-NAZAIRE
5580782,558078200018,31  PL,44260,SAVENAY
5580824,558082400018,  RUE,44600,SAINT-NAZAIRE
5610043,561004300019,  ,80370,HIERMONT
5610142,561014200019,  ,80210,CHEPY
5610175,561017500019,  ,80135,SAINT-RIQUIER
5610324,561032400013,  RUE,80150,CRECY-EN-PONTHIEU
5610399,561039900015,32  RUE,80150,CRECY-EN-PONTHIEU
5610423,561042300013,  ,80150,BOUFFLERS
5610746,561074600017,  PAS,80550,LE CROTOY
5610761,561076100016,  PL,80100,ABBEVILLE
5610886,561088600011,39  CHS,80100,ABBEVILLE
5610928,561092800011,  ,80270,ALLERY
5610936,561093600014,  ,80270,ALLERY
5610993,561099300023,20  RUE,80100,ABBEVILLE
5611009,561100900019,16  PL,80220,GAMACHES
5611025,561102500015,8  RUE,80150,CRECY-EN-PONTHIEU
5611066,561106600019,34  RUE,80220,GAMACHES
5611074,561107400013,88  FG,80100,ABBEVILLE
5611215,561121500012,39  RUE,80135,SAINT-RIQUIER
5611223,561122300016,  CHE,80550,LE CROTOY
5611389,561138900015,  ,80120,FORT-MAHON-PLAGE
5611462,561146200010,  ,80150,MAISON-PONTHIEU
5611744,561174400011,2  AV,80550,LE CROTOY
5611751,561175100016,67  RUE,80150,CRECY-EN-PONTHIEU
5611827,561182700014,19  RUE,80132,CAHON
5611926,561192600014,17  RUE,80100,ABBEVILLE
5612056,561205600019,28  RUE,80100,ABBEVILLE
5612106,561210600020,1  RUE,80510,LONGPRE-LES-CORPS-SAINTS
5612114,561211400016,  RUE,80150,CRECY-EN-PONTHIEU
5612130,561213000012,48  RUE,80100,ABBEVILLE
5612288,561228800018,42  AV,80120,FORT-MAHON-PLAGE
5612296,561229600011,10  RUE,80570,DARGNIES
5612312,561231200016,8  PL,80100,ABBEVILLE
5612353,561235300010,32  RUE,80120,RUE
5612478,561247800015,  ,80570,DARGNIES
5612502,561250200012,14  RUE,80100,ABBEVILLE
5612577,561257700014,  RUE,80120,QUEND
5612676,561267600014,  ,80220,GAMACHES
5612700,561270000012,  ,80132,CAHON
5612718,561271800014,1  RUE,80220,BOUTTENCOURT
5612734,561273400011,  RTE,80220,BOUTTENCOURT
5620026,562002600012,  RUE,80510,LONGPRE-LES-CORPS-SAINTS
5620034,562003400016,4  BD,80100,ABBEVILLE
5620034,562003400024,  ,76370,ROUXMESNIL-BOUTEILLES
5620059,562005900013,  RUE,80100,ABBEVILLE
5620083,562008300013,49  RUE,80220,GAMACHES
5620091,562009100016,  RTE,80132,HAUTVILLERS-OUVILLE
5620109,562010900016,  RTE,80220,BOUTTENCOURT
5620117,562011700019,12  RUE,80100,ABBEVILLE
5620117,562011700027,17  RUE,80000,AMIENS
5620158,562015800013,46  AV,80120,QUEND
5620174,562017400010,  RUE,80132,CAHON
5620174,562017400028,27  RTE,80400,HAM
5620174,562017400036,22  RUE,80132,CAHON
5620190,562019000024,21  RUE,80100,ABBEVILLE
5620190,562019000032,4  PL,80100,ABBEVILLE
5620190,562019000040,  RUE,80100,ABBEVILLE
5620190,562019000057,  ,76470,LE TREPORT
5620190,562019000065,  RTE,80100,ABBEVILLE
5620265,562026500016,  CHE,80100,ABBEVILLE
5620281,562028100013,  RUE,80100,ABBEVILLE
5620307,562030700016,  ,80570,EMBREVILLE
5620315,562031500035,37  RUE,75008,PARIS 8
5620349,562034900018,  RUE,80100,ABBEVILLE
5620364,562036400017,5  RUE,80210,FEUQUIERES-EN-VIMEU
5620380,562038000013,  ,80270,ALLERY
5620422,562042200013,13  RUE,80100,ABBEVILLE
5620422,562042200021,  ,80620,DOMQUEUR
5620422,562042200039,  RTE,80132,GRAND-LAVIERS
5620422,562042200047,  RUE,80270,AIRAINES
5620422,562042200054,  ,80880,ST-QUENTIN-LA-MOTTE-CROIX-BAILLY
5640057,564005700013,2  AV,04160,CHATEAU-ARNOUX-SAINT-AUBAN
5640065,564006500016,  QUAI,04200,SISTERON
5640172,564017200010,  AV,04000,DIGNE-LES-BAINS
5640214,564021400010,  RUE,04000,DIGNE-LES-BAINS
5640255,564025500013,  PL,04200,SISTERON
5640313,564031300010,  ,04370,COLMARS
5640354,564035400014,  ,04170,SAINT-ANDRE-LES-ALPES
5640388,564038800012,  RUE,04200,SISTERON
5640404,564040400017,  ,04850,JAUSIERS
5640412,564041200010,  ,04500,RIEZ
5640420,564042000013,  ,04600,CHATEAU-ARNOUX-SAINT-AUBAN
5640446,564044600018,56  BD,04000,DIGNE-LES-BAINS
5640511,564051100019,  RUE,04160,CHATEAU-ARNOUX-SAINT-AUBAN
5640545,564054500017,  ,04210,VALENSOLE
5640586,564058600011,  ,04530,LARCHE
5640594,564059400015,  ,04160,CHATEAU-ARNOUX-SAINT-AUBAN
5640602,564060200024,  ,04530,SAINT-PAUL-SUR-UBAYE
5640602,564060200032,  ,04400,ENCHASTRAYES
5640669,564066900015,  ,04200,SISTERON
5640685,564068500011,  ,04160,CHATEAU-ARNOUX-SAINT-AUBAN
5640768,564076800015,  ,04160,CHATEAU-ARNOUX-SAINT-AUBAN
5640776,564077600018,  ALL,04700,ORAISON
5640784,564078400012,  RUE,04210,VALENSOLE
5640800,564080000016,  ,04340,LE LAUZET-UBAYE
5640883,564088300020,3  ,04140,SEYNE
5640891,564089100015,  RUE,04850,JAUSIERS
5640974,564097400019,  ,04340,UBAYE-SERRE-PONCON
5640990,564099000015,  RTE,04800,GREOUX-LES-BAINS
5640990,564099000023,46  AV,04800,GREOUX-LES-BAINS
5641055,564105500016,  ,04120,CASTELLANE
5641063,564106300010,2  PL,04120,CASTELLANE
5641097,564109700018,  ,04190,LES MEES
5641139,564113900018,13  RUE,04400,BARCELONNETTE
5641154,564115400025,  ,04400,BARCELONNETTE
5641188,564118800015,  ,04510,MALLEMOISSON
5641212,564121200013,41  BD,04000,DIGNE-LES-BAINS
5641220,564122000016,  BD,04000,DIGNE-LES-BAINS
5641337,564133700018,  RUE,04200,SISTERON
5641428,564142800015,  RUE,04800,GREOUX-LES-BAINS
5641618,564161800011,  ,04700,PUIMICHEL
5641634,564163400018,  ,04320,ENTREVAUX
5641717,564171700011,23  AV,04000,DIGNE-LES-BAINS
5641725,564172500014,23  AV,04000,DIGNE-LES-BAINS
5641741,564174100011,  PL,04700,ORAISON
5641766,564176600018,  ,04530,LA CONDAMINE-CHATELARD
5641808,564180800018,  LD,04200,PEIPIN
5641816,564181600011,  ,04340,MEOLANS-REVEL
5641824,564182400015,  ,04500,QUINSON
5641873,564187300012,  BD,04190,LES MEES
5650031,565003100015,  QUA,04240,ANNOT
5650031,565003100023,493  AV,04240,ANNOT
5650056,565005600012,  ,04200,PEIPIN
5650056,565005600038,  QUAI,04200,PEIPIN
5650064,565006400016,  RTE,04200,SISTERON
5650072,565007200019,  PL,04000,DIGNE-LES-BAINS
5650080,565008000012,  QUAI,04000,DIGNE-LES-BAINS
5650098,565009800014,  ,04400,BARCELONNETTE
5650106,565010600015,  RUE,04600,CHATEAU-ARNOUX-SAINT-AUBAN
5650122,565012200012,  LD,04260,ALLOS
5650130,565013000015,  ,04200,SISTERON
5650148,565014800017,13  BD,04000,DIGNE-LES-BAINS
5650148,565014800025,2  RUE,04000,DIGNE-LES-BAINS
5650148,565014800033,2  RUE,04000,DIGNE-LES-BAINS
5650189,565018900029,1  ALL,04200,SISTERON
5650189,565018900037,5  ALL,04200,SISTERON
5650189,565018900045,  RTE,05000,GAP
5650189,565018900052,3  ALL,04200,SISTERON
5650189,565018900060,11  ALL,04200,SISTERON
5670062,567006200032,31  AV,44380,PORNICHET
5670104,567010400016,  PL,44290,GUEMENE-PENFAO
5670112,567011200019,89  RUE,44570,TRIGNAC
5670120,567012000012,  PL,44380,PORNICHET
5670161,567016100016,62  RUE,44600,SAINT-NAZAIRE
5670252,567025200013,  AV,44600,SAINT-NAZAIRE
5670278,567027800018,  RUE,44600,SAINT-NAZAIRE
5670310,567031000019,57  CHE,44600,SAINT-NAZAIRE
5670468,567046800015,46  AV,44600,SAINT-NAZAIRE
5670542,567054200017,16  RUE,44780,MISSILLAC
5670617,567061700017,  RUE,44570,TRIGNAC
5670773,567077300018,6  QUAI,44130,BLAIN
5670872,567087200018,  RUE,44600,SAINT-NAZAIRE
5670898,567089800013,15  RUE,44600,SAINT-NAZAIRE
5670922,567092200011,  ,44360,VIGNEUX-DE-BRETAGNE
5670948,567094800016,  RUE,44600,SAINT-NAZAIRE
5671037,567103700017,23  AV,44480,DONGES
5671052,567105200024,203  AV,44500,LA BAULE-ESCOUBLAC
5671102,567110200019,43  RUE,44410,LA CHAPELLE-DES-MARAIS
5671136,567113600025,27  RUE,44260,SAVENAY
5671284,567128400015,  RUE,44600,SAINT-NAZAIRE
5671292,567129200018,  RUE,44350,GUERANDE
5671334,567133400018,28  RUE,44360,SAINT-ETIENNE-DE-MONTLUC
5671375,567137500011,89  AV,44600,SAINT-NAZAIRE
5671375,567137500029,  CITE,44600,SAINT-NAZAIRE
5671375,567137500037,37  AV,44380,PORNICHET
5671383,567138300015,89  AV,44600,SAINT-NAZAIRE
5671383,567138300023,  CITE,44600,SAINT-NAZAIRE
5671383,567138300031,2  RUE,44600,SAINT-NAZAIRE
5671425,567142500022,2  RUE,44600,SAINT-NAZAIRE
5671466,567146600018,56  AV,44600,SAINT-NAZAIRE
5671516,567151600010,  PL,44290,GUEMENE-PENFAO
5671532,567153200017,148  AV,44380,PORNICHET
5671565,567156500017,1  PL,44290,GUEMENE-PENFAO
5671581,567158100014,  RUE,44600,SAINT-NAZAIRE
5671722,567172200014,  RTE,44160,BESNE
5671763,567176300018,  LD,44170,MARSAC-SUR-DON
5671839,567183900024,40  BD,44100,NANTES
5671847,567184700019,  RUE,44600,SAINT-NAZAIRE
5671870,567187000011,17  FG,44350,GUERANDE
5671904,567190400026,  RTE,44530,SAINT-GILDAS-DES-BOIS
5671953,567195300015,  LD,44530,GUENROUET
5672068,567206800011,2  RUE,44600,SAINT-NAZAIRE
5672175,567217500014,2  RUE,44410,HERBIGNAC
5672324,567232400018,36  AV,44480,DONGES
5672340,567234000014,  LD,44630,PLESSE
5672472,567247200015,  RUE,44550,MONTOIR-DE-BRETAGNE
5672605,567260500010,  RUE,44480,DONGES
5672613,567261300014,  LD,44290,PIERRIC
5672621,567262100017,  ,44360,SAINT-ETIENNE-DE-MONTLUC
5672696,567269600019,  ,44360,CORDEMAIS
5672779,567277900013,  PL,44130,FAY-DE-BRETAGNE
5672886,567288600024,18  AV,44600,SAINT-NAZAIRE
5672910,567291000014,  AV,44600,SAINT-NAZAIRE
5673033,567303300022,104  CHE,44600,SAINT-NAZAIRE
5673157,567315700011,  ,44420,LA TURBALLE
5673165,567316500014,  QUAI,44420,LA TURBALLE
5673173,567317300018,44  RUE,44600,SAINT-NAZAIRE
5673207,567320700014,  LD,44130,BOUVRON
5673231,567323100014,  ,44420,LA TURBALLE
5673280,567328000011,5  RUE,44360,LE TEMPLE-DE-BRETAGNE
5673314,567331400018,  RUE,44600,SAINT-NAZAIRE
5673322,567332200011,  ,44420,LA TURBALLE
5673348,567334800016,66  AV,44500,LA BAULE-ESCOUBLAC
5673405,567340500014,  PL,44630,PLESSE
5673439,567343900013,  BD,44600,SAINT-NAZAIRE
5673611,567361100025,1  RUE,44490,LE CROISIC
5673678,567367800016,  ,44460,SAINT-NICOLAS-DE-REDON
5673710,567371000017,230  AV,44500,LA BAULE-ESCOUBLAC
5673751,567375100011,  PL,44600,SAINT-NAZAIRE
5673801,567380100014,  RUE,44600,SAINT-NAZAIRE
5673884,567388400010,  AV,44500,LA BAULE-ESCOUBLAC
5673892,567389200013,19  PL,44490,LE CROISIC
5673926,567392600027,29  AV,44600,SAINT-NAZAIRE
5673983,567398300010,7  RUE,44510,LE POULIGUEN
5673991,567399100013,  RUE,44600,SAINT-NAZAIRE
5674031,567403100025,  LD,44420,MESQUER
5674064,567406400018,41  LD,44260,LA CHAPELLE-LAUNAY
5674080,567408000014,  RUE,44600,SAINT-NAZAIRE
5674130,567413000017,  LD,44630,PLESSE
5674163,567416300018,  LD,44630,PLESSE
5674254,567425400015,  RUE,44530,SAINT-GILDAS-DES-BOIS
5674270,567427000045,7  RUE,44130,BOUVRON
5674320,567432000014,  BD,44600,SAINT-NAZAIRE
5674338,567433800016,54  RUE,44600,SAINT-NAZAIRE
5674346,567434600019,  LD,44460,FEGREAC
5674411,567441100011,57  BD,44600,SAINT-NAZAIRE
5674478,567447800010,6  RUE,44510,LE POULIGUEN
5674502,567450200017,35  RUE,44740,BATZ-SUR-MER
5674569,567456900016,  RUE,44740,BATZ-SUR-MER
5674593,567459300016,16  RUE,44740,BATZ-SUR-MER
5674726,567472600012,53  AV,44600,SAINT-NAZAIRE
5674817,567481700019,  AV,44500,LA BAULE-ESCOUBLAC
5674825,567482500012,65  AV,44600,SAINT-NAZAIRE
5674841,567484100019,16  RUE,44600,SAINT-NAZAIRE
5674924,567492400021,9  RUE,44600,SAINT-NAZAIRE
5674965,567496500016,  LD,44410,LA CHAPELLE-DES-MARAIS
5675053,567505300010,  RUE,44600,SAINT-NAZAIRE
5675095,567509500011,117  AV,44600,SAINT-NAZAIRE
5675111,567511100024,43  AV,44500,LA BAULE-ESCOUBLAC
5675210,567521000016,  PL,44750,CAMPBON
5675228,567522800018,  PL,44750,CAMPBON
5675343,567534300015,  ,44410,SAINT-LYPHARD
5675350,567535000010,  LD,44410,HERBIGNAC
5675384,567538400019,  AV,44500,LA BAULE-ESCOUBLAC
5675400,567540000013,25  AV,44600,SAINT-NAZAIRE
5675459,567545900019,7  RUE,44160,PONTCHATEAU
5675483,567548300019,  AV,44500,LA BAULE-ESCOUBLAC
5675624,567562400018,  RUE,44600,SAINT-NAZAIRE
5675715,567571500014,  RTE,44460,AVESSAC
5675822,567582200018,  PL,44480,DONGES
5675855,567585500018,5  RUE,44160,PONTCHATEAU
5675863,567586300012,5  RUE,44160,PONTCHATEAU
5675871,567587100015,5  RUE,44160,PONTCHATEAU
5675897,567589700010,5  RUE,44160,PONTCHATEAU
5675921,567592100026,6  RUE,44360,SAINT-ETIENNE-DE-MONTLUC
5675947,567594700013,  RUE,44600,SAINT-NAZAIRE
5675996,567599600010,94  AV,44600,SAINT-NAZAIRE
5676002,567600200016,  LD,44460,SAINT-NICOLAS-DE-REDON
5676010,567601000019,  AV,44500,LA BAULE-ESCOUBLAC
5676093,567609300015,89  RUE,44600,SAINT-NAZAIRE
5676101,567610100016,  BD,44160,PONTCHATEAU
5676119,567611900018,  AV,44500,LA BAULE-ESCOUBLAC
5676168,567616800015,59  RUE,44720,SAINT-JOACHIM
5676234,567623400015,  AV,44500,LA BAULE-ESCOUBLAC
5676259,567625900012,  ,44130,BLAIN
5676333,567633300031,  ,44600,SAINT-NAZAIRE
5676358,567635800012,  ,44460,AVESSAC
5676432,567643200015,31  ,44600,SAINT-NAZAIRE
5676473,567647300019,47 B AV,44380,PORNICHET
5680061,568006100016,  RUE,44600,SAINT-NAZAIRE
5680087,568008700011,  AV,44500,LA BAULE-ESCOUBLAC
5680111,568011100019,  AV,44500,LA BAULE-ESCOUBLAC
5680145,568014500017,73  RUE,44550,MONTOIR-DE-BRETAGNE
5680152,568015200013,  RUE,44600,SAINT-NAZAIRE
5680236,568023600014,10  AV,44600,SAINT-NAZAIRE
5680244,568024400018,2  AV,44500,LA BAULE-ESCOUBLAC
5680335,568033500014,33  RUE,44550,MONTOIR-DE-BRETAGNE
5680376,568037600026,  RUE,44350,GUERANDE
5680376,568037600034,  AV,83210,SOLLIES-PONT
5680384,568038400012,9  PL,44490,LE CROISIC
5680392,568039200015,  RUE,44600,SAINT-NAZAIRE
5680400,568040000024,7  AV,44380,PORNICHET
5680467,568046700023,32  RUE,75007,PARIS 7
5680491,568049100023,10  AV,44500,LA BAULE-ESCOUBLAC
5680509,568050900014,  RUE,44220,COUERON
5680541,568054100025,  ,44350,GUERANDE
5680541,568054100033,9  RUE,44800,SAINT-HERBLAIN
5680566,568056600014,  LD,44460,SAINT-NICOLAS-DE-REDON
5680582,568058200011,14  RUE,44290,GUEMENE-PENFAO
5680624,568062400029,49  BD,44600,SAINT-NAZAIRE
5680632,568063200022,  AV,44380,PORNICHET
5710058,571005800016,162  CHS,80100,ABBEVILLE
5710066,571006600027,56  RUE,80580,PONT-REMY
5710082,571008200016,20  RUE,80550,LE CROTOY
5710256,571025600016,154  RTE,80100,ABBEVILLE
5710264,571026400010,  RUE,80210,FEUQUIERES-EN-VIMEU
5710306,571030600019,  ,80220,BUIGNY-LES-GAMACHES
5710314,571031400013,  RUE,80210,AIGNEVILLE
5710348,571034800011,  ,80510,LONGPRE-LES-CORPS-SAINTS
5710371,571037100013,23  RUE,80132,CAOURS
5710405,571040500019,  RUE,80150,GUESCHART
5710439,571043900018,  RUE,80150,CRECY-EN-PONTHIEU
5710520,571052000015,  CITE,80510,LONGPRE-LES-CORPS-SAINTS
5710538,571053800017,24  RUE,80100,ABBEVILLE
5710595,571059500017,  RUE,80210,CHEPY
5710660,571066000019,  RTE,80220,BOUVAINCOURT-SUR-BRESLE
5710694,571069400018,4  RUE,80210,FEUQUIERES-EN-VIMEU
5710736,571073600017,185  CHS,80100,ABBEVILLE
5710744,571074400011,  HAM,80120,QUEND
5710793,571079300018,  ,80140,RAMBURES
5710843,571084300011,2  RUE,80570,DARGNIES
5710967,571096700018,  ,80690,GORENFLOS
5711106,571110600012,  ,80970,SAILLY-FLIBEAUCOURT
5711155,571115500019,  ,80770,BEAUCHAMPS
5711197,571119700011,31  AV,80100,ABBEVILLE
5711221,571122100019,4  RUE,80550,LE CROTOY
5711379,571137900015,11  RUE,80550,LE CROTOY
5711445,571144500014,8  RUE,80100,ABBEVILLE
5711551,571155100019,93  PL,80210,CHEPY
5711585,571158500017,  PL,80100,ABBEVILLE
5711684,571168400018,  RUE,80220,MAISNIERES
5711726,571172600017,  ,80132,CAHON
5711742,571174200014,  CHS,80100,ABBEVILLE
5711759,571175900018,134  RUE,80100,ABBEVILLE
5711767,571176700011,  AV,80120,FORT-MAHON-PLAGE
5711833,571183300011,  ,80270,WIRY-AU-MONT
5711874,571187400015,54  RUE,80100,ABBEVILLE
5711882,571188200018,9  RUE,80100,ABBEVILLE
5712062,571206200016,8  RUE,80150,CRECY-EN-PONTHIEU
5712211,571221100019,  ,80120,FORT-MAHON-PLAGE
5712252,571225200013,16  RTE,80132,LE TITRE
5712260,571226000016,29  RUE,80490,HALLENCOURT
5712633,571263300014,  ,80140,LE TRANSLAY
5712658,571265800029,61  RUE,80490,HALLENCOURT
5712732,571273200014,  RUE,80220,GAMACHES
5712880,571288000011,  HAM,80150,DOMPIERRE-SUR-AUTHIE
5712898,571289800013,  RUE,80860,NOYELLES-SUR-MER
5713052,571305200024,  RUE,76260,EU
5713060,571306000019,  ,80220,BUIGNY-LES-GAMACHES
5713078,571307800011,  ,80220,BUIGNY-LES-GAMACHES
5713128,571312800014,61  RUE,80550,LE CROTOY
5713185,571318500014,  ,80120,QUEND
5713235,571323500017,  ,80120,VILLERS-SUR-AUTHIE
5713276,571327600011,  ,80150,DOMPIERRE-SUR-AUTHIE
5713466,571346600018,13  CHS,80100,ABBEVILLE
5713508,571350800017,  PL,80100,ABBEVILLE
5713532,571353200017,  RUE,80150,LAMOTTE-BULEUX
5713557,571355700014,30  RUE,80100,ABBEVILLE
5713573,571357300011,  RUE,80270,ALLERY
5713722,571372200014,  PL,80100,ABBEVILLE
5713797,571379700016,  ,80132,CAOURS
5713854,571385400015,  RUE,80100,ABBEVILLE
5713904,571390400018,  RUE,80150,YVRENCH
5714050,571405000019,  ,80150,ESTREES-LES-CRECY
5714142,571414200014,  RUE,80132,BUIGNY L'ABBE
5714167,571416700011,  ,80580,LIERCOURT
5714191,571419100011,  AV,80120,FORT-MAHON-PLAGE
5714209,571420900011,706  RUE,80120,FORT-MAHON-PLAGE
5714217,571421700014,  HAM,80120,QUEND
5714233,571423300011,  ,80120,ARGOULES
5714241,571424100022,2  ,80132,MAREUIL-CAUBERT
5714290,571429000011,  RUE,80120,FORT-MAHON-PLAGE
5714423,571442300018,  ,80150,GUESCHART
5720057,572005700016,  BD,80100,ABBEVILLE
5720065,572006500019,15  RUE,80100,ABBEVILLE
5720073,572007300013,  ,80370,DOMLEGER-LONGVILLERS
5720099,572009900018,3  AV,80100,ABBEVILLE
5720164,572016400028,236  RTE,80100,ABBEVILLE
5720180,572018000016,54  RUE,80100,ABBEVILLE
5720206,572020600019,340  CHS,80210,FEUQUIERES-EN-VIMEU
5720222,572022200016,  RTE,80100,ABBEVILLE
5720222,572022200024,13  BD,80100,ABBEVILLE
5720230,572023000019,  ,80270,ALLERY
5720255,572025500016,  RUE,80550,LE CROTOY
5720271,572027100013,  AV,80120,FORT-MAHON-PLAGE
5720313,572031300013,  ,80120,SAINT-QUENTIN-EN-TOURMONT
5720313,572031300021,9  RUE,80120,SAINT-QUENTIN-EN-TOURMONT
5720313,572031300039,6  RUE,80120,SAINT-QUENTIN-EN-TOURMONT
5720354,572035400017,  RUE,80210,FEUQUIERES-EN-VIMEU
5720362,572036200010,22  CHE,30126,TAVEL
5720362,572036200044,8  PL,80100,ABBEVILLE
5720362,572036200051,22  CHE,30126,TAVEL
5720388,572038800015,  CHS,80100,ABBEVILLE
5720412,572041200021,84  RUE,80550,LE CROTOY
5720537,572053700017,56  BD,80100,ABBEVILLE
5720537,572053700025,  RUE,80100,ABBEVILLE
5720552,572055200016,  CHE,80220,BOUTTENCOURT
5720552,572055200024,  ,76340,BLANGY-SUR-BRESLE
5720552,572055200032,  ,80220,BOUTTENCOURT
5720586,572058600014,10  AV,80120,QUEND
5720594,572059400026,78  BD,80100,ABBEVILLE
5720594,572059400034,92  BD,80100,ABBEVILLE
5720602,572060200019,44  RTE,80100,ABBEVILLE
5720602,572060200027,3  RUE,75008,PARIS 8
5720602,572060200035,204  RPT,92100,BOULOGNE-BILLANCOURT
5720602,572060200043,14  RUE,92110,CLICHY
5720610,572061000012,44  PL,80100,ABBEVILLE
5720636,572063600025,500  RUE,80000,AMIENS
5720644,572064400011,4  PL,80120,RUE
5720651,572065100032,  RUE,80100,ABBEVILLE
5720651,572065100040,10  RUE,69002,LYON 2EME
5720685,572068500014,26  RUE,80132,CAOURS
5720701,572070100019,294  RTE,80100,ABBEVILLE
5720727,572072700014,  ,80220,GAMACHES
5720750,572075000016,84  CHS,80100,ABBEVILLE
5720784,572078400015,24  RUE,80210,FEUQUIERES-EN-VIMEU
5720784,572078400031,  ,80210,FEUQUIERES-EN-VIMEU
5720784,572078400049,  RUE,80210,FEUQUIERES-EN-VIMEU
5720784,572078400056,79 B AV,93500,PANTIN
5720784,572078400064,97  RUE,80100,ABBEVILLE
5720784,572078400072,15  AV,13127,VITROLLES
5720784,572078400080,2  RUE,80100,ABBEVILLE
5720784,572078400098,7 B RUE,80100,ABBEVILLE
5720784,572078400106,52  RUE,80210,FEUQUIERES-EN-VIMEU
5720784,572078400114,15  RUE,75012,PARIS 12
5720784,572078400122,25  ,80130,BETHENCOURT-SUR-MER
5720784,572078400130,73  RUE,93290,TREMBLAY-EN-FRANCE
5720784,572078400148,1  IMP,93290,TREMBLAY-EN-FRANCE
5720784,572078400155,7  RUE,80100,ABBEVILLE
5720784,572078400163,13  RUE,77460,SOUPPES-SUR-LOING
5720826,572082600014,  RUE,80100,ABBEVILLE
5720834,572083400018,  RUE,80100,ABBEVILLE
5740022,574002200016,2  RUE,04000,DIGNE-LES-BAINS
5740063,574006300010,246  AV,04200,SISTERON
5740071,574007100013,  QUAI,04320,ENTREVAUX
5740253,574025300017,  ,04400,UVERNET-FOURS
5740311,574031100021,19  BD,04190,LES MEES
5740345,574034500011,  ,04240,BRAUX
5740444,574044400012,12  RUE,04400,BARCELONNETTE
5740451,574045100017,  RUE,04000,DIGNE-LES-BAINS
5740477,574047700012,  ,04200,NOYERS-SUR-JABRON
5740501,574050100027,  ,04260,ALLOS
5740501,574050100043,  ,04170,THORAME-BASSE
5740543,574054300011,  ,04330,BARREME
5740568,574056800034,79  BD,04000,DIGNE-LES-BAINS
5740576,574057600011,41  RUE,04000,DIGNE-LES-BAINS
5740584,574058400015,  ,04530,LARCHE
5740626,574062600014,  ,04330,CHAUDON-NORANTE
5740659,574065900015,  ,04530,LA CONDAMINE-CHATELARD
5740857,574085700023,  ,04700,LA BRILLANNE
5740865,574086500018,  ,04380,THOARD
5740956,574095600015,  ,04240,ANNOT
5740972,574097200020,25  BD,04000,DIGNE-LES-BAINS
5740972,574097200038,  ,04000,DIGNE-LES-BAINS
5740980,574098000023,  ,04000,DIGNE-LES-BAINS
5741012,574101200016,  ,04160,L'ESCALE
5741103,574110300013,  ,04000,DIGNE-LES-BAINS
5741137,574113700011,  ,04500,RIEZ
5741343,574134300015,  LD,04200,SISTERON
5741400,574140000013,14  RUE,04000,DIGNE-LES-BAINS
5741509,574150900011,  ,04270,BRAS D'ASSE
5741517,574151700014,  ,04210,BRUNET
5741525,574152500017,  RUE,04700,ORAISON
5741533,574153300011,  ALL,04700,ORAISON
5741541,574154100014,  ,04530,SAINT-PAUL-SUR-UBAYE
5741541,574154100022,  ,04850,JAUSIERS
5741566,574156600011,  QUAI,04140,SEYNE
5741749,574174900013,  PL,04200,SISTERON
5741814,574181400015,  ,04120,ROUGON
5741830,574183000011,8  AV,04000,DIGNE-LES-BAINS
5741897,574189700010,  ,04530,LA CONDAMINE-CHATELARD
5741921,574192100018,  PL,04000,DIGNE-LES-BAINS
5741954,574195400019,  ,04200,SISTERON
5741962,574196200012,  ,04800,GREOUX-LES-BAINS
5741970,574197000015,  ,04380,THOARD
5741988,574198800017,35  RUE,04400,BARCELONNETTE
5741996,574199600010,  ,04200,VAUMEILH
5742028,574202800011,  AV,04160,CHATEAU-ARNOUX-SAINT-AUBAN
5742028,574202800029,  ,04290,VOLONNE
5742036,574203600014,  LD,04200,SISTERON
5742093,574209300015,  RUE,04200,SISTERON
5742101,574210100016,  ,04340,LE LAUZET-UBAYE
5742176,574217600018,  PL,04200,SISTERON
